0,1,2
AVOD,A.V.O.D. KURUTULMUŞ GIDA VE TARIM ÜRÜNLERİ SANAYİ TİCARET A.Ş.,HSY DANIŞMANLIK VE BAĞIMSIZ DENETİM A.Ş.
"A1CAP, ACP",A1 CAPITAL YATIRIM MENKUL DEĞERLER A.Ş.,PKF ADAY BAĞIMSIZ DENETİM A.Ş.
ACSEL,ACISELSAN ACIPAYAM SELÜLOZ SANAYİ VE TİCARET A.Ş.,PwC BAĞIMSIZ DENETİM VE SERBEST MUHASEBECİ MALİ MÜŞAVİRLİK A.Ş
ADEL,ADEL KALEMCİLİK TİCARET VE SANAYİ A.Ş.,PwC BAĞIMSIZ DENETİM VE SERBEST MUHASEBECİ MALİ MÜŞAVİRLİK A.Ş
ADESE,ADESE GAYRİMENKUL YATIRIM A.Ş.,TTK BAĞIMSIZ DENETİM VE YEMİNLİ MALİ MÜŞAVİRLİK A.Ş.
AFYON,AFYON ÇİMENTO SANAYİ T.A.Ş.,PwC BAĞIMSIZ DENETİM VE SERBEST MUHASEBECİ MALİ MÜŞAVİRLİK A.Ş
AGHOL,AG ANADOLU GRUBU HOLDİNG A.Ş.,PwC BAĞIMSIZ DENETİM VE SERBEST MUHASEBECİ MALİ MÜŞAVİRLİK A.Ş
AGESA,AGESA HAYAT VE EMEKLİLİK A.Ş.,PwC BAĞIMSIZ DENETİM VE SERBEST MUHASEBECİ MALİ MÜŞAVİRLİK A.Ş
AHGAZ,AHLATCI DOĞAL GAZ DAĞITIM ENERJİ VE YATIRIM A.Ş.,FİNANSAL EKSEN BAĞIMSIZ DENETİM VE DANIŞMANLIK A.Ş.
AKSFA,AK FAKTORİNG A.Ş.,ARTI DEĞER ULUSLARARASI BAĞIMSIZ DENETİM VE YMM A.Ş.
AKFK,AK FİNANSAL KİRALAMA A.Ş.,PwC BAĞIMSIZ DENETİM VE SERBEST MUHASEBECİ MALİ MÜŞAVİRLİK A.Ş
"AKM, AKMEN",AK YATIRIM MENKUL DEĞERLER  A.Ş.,PwC BAĞIMSIZ DENETİM VE SERBEST MUHASEBECİ MALİ MÜŞAVİRLİK A.Ş
AKBNK,AKBANK T.A.Ş.,PwC BAĞIMSIZ DENETİM VE SERBEST MUHASEBECİ MALİ MÜŞAVİRLİK A.Ş
AKCNS,AKÇANSA ÇİMENTO SANAYİ VE TİCARET A.Ş.,PwC BAĞIMSIZ DENETİM VE SERBEST MUHASEBECİ MALİ MÜŞAVİRLİK A.Ş
AKDFA,AKDENİZ FAKTORİNG A.Ş.,HSY DANIŞMANLIK VE BAĞIMSIZ DENETİM A.Ş.
AKYHO,AKDENİZ YATIRIM HOLDİNG A.Ş.,IŞIK YEMİNLİ MALİ MÜŞAVİRLİK VE BAĞIMSIZ DENETİM A.Ş.
AKENR,AKENERJİ ELEKTRİK ÜRETİM A.Ş.,PwC BAĞIMSIZ DENETİM VE SERBEST MUHASEBECİ MALİ MÜŞAVİRLİK A.Ş
AKFGY,AKFEN GAYRİMENKUL YATIRIM ORTAKLIĞI A.Ş.,KPMG BAĞIMSIZ DENETİM VE SERBEST MUHASEBECİ MALİ MÜŞAVİRLİK A.Ş.
AKFYE,AKFEN YENİLENEBİLİR ENERJİ A.Ş.,KPMG BAĞIMSIZ DENETİM VE SERBEST MUHASEBECİ MALİ MÜŞAVİRLİK A.Ş.
ATEKS,AKIN TEKSTİL A.Ş.,MGI BAĞIMSIZ DENETİM A.Ş.
AKSGY,AKİŞ GAYRİMENKUL YATIRIM ORTAKLIĞI A.Ş.,PwC BAĞIMSIZ DENETİM VE SERBEST MUHASEBECİ MALİ MÜŞAVİRLİK A.Ş
AKMGY,AKMERKEZ GAYRİMENKUL YATIRIM ORTAKLIĞI A.Ş.,PwC BAĞIMSIZ DENETİM VE SERBEST MUHASEBECİ MALİ MÜŞAVİRLİK A.Ş
AKSA,AKSA AKRİLİK KİMYA SANAYİİ A.Ş.,PwC BAĞIMSIZ DENETİM VE SERBEST MUHASEBECİ MALİ MÜŞAVİRLİK A.Ş
AKSEN,AKSA ENERJİ ÜRETİM A.Ş.,DRT BAĞIMSIZ DENETİM VE SERBEST MUHASEBECİ MALİ MÜŞAVİRLİK A.Ş.
AKGRT,AKSİGORTA A.Ş.,PwC BAĞIMSIZ DENETİM VE SERBEST MUHASEBECİ MALİ MÜŞAVİRLİK A.Ş
AKSUE,AKSU ENERJİ VE TİCARET A.Ş.,FİNANSAL EKSEN BAĞIMSIZ DENETİM VE DANIŞMANLIK A.Ş.
AKTVK,AKTİF BANK SUKUK VARLIK KİRALAMA A.Ş.,SGD BAĞIMSIZ DENETİM HİZMETLERİ A.Ş.
"AFB, AKTIF",AKTİF YATIRIM BANKASI A.Ş.,DRT BAĞIMSIZ DENETİM VE SERBEST MUHASEBECİ MALİ MÜŞAVİRLİK A.Ş.
ALCAR,ALARKO CARRIER SANAYİ VE TİCARET A.Ş.,BDO DENET BAĞIMSIZ DENETİM VE DANIŞMANLIK A.Ş.
ALGYO,ALARKO GAYRİMENKUL YATIRIM ORTAKLIĞI A.Ş.,GÜNEY BAĞIMSIZ DENETİM VE SERBEST MUHASEBECİ MALİ MÜŞAVİRLİK A.Ş.
ALARK,ALARKO HOLDİNG A.Ş.,BDO DENET BAĞIMSIZ DENETİM VE DANIŞMANLIK A.Ş.
"ALBRK, ALK",ALBARAKA TÜRK KATILIM BANKASI A.Ş.,PwC BAĞIMSIZ DENETİM VE SERBEST MUHASEBECİ MALİ MÜŞAVİRLİK A.Ş
ALCTL,ALCATEL LUCENT TELETAŞ TELEKOMÜNİKASYON A.Ş.,DRT BAĞIMSIZ DENETİM VE SERBEST MUHASEBECİ MALİ MÜŞAVİRLİK A.Ş.
ALFAS,ALFA SOLAR ENERJİ SANAYİ VE TİCARET A.Ş.,REFORM BAĞIMSIZ DENETİM A.Ş.
ALJF,ALJ FİNANSMAN A.Ş.,DRT BAĞIMSIZ DENETİM VE SERBEST MUHASEBECİ MALİ MÜŞAVİRLİK A.Ş.
ALKIM,ALKİM ALKALİ KİMYA A.Ş.,GÜNEY BAĞIMSIZ DENETİM VE SERBEST MUHASEBECİ MALİ MÜŞAVİRLİK A.Ş.
ALKA,ALKİM KAĞIT SANAYİ VE TİCARET A.Ş.,GÜNEY BAĞIMSIZ DENETİM VE SERBEST MUHASEBECİ MALİ MÜŞAVİRLİK A.Ş.
"ALNUS, ANC",ALNUS YATIRIM MENKUL DEĞERLER A.Ş.,ANY PARTNERS BAĞIMSIZ DENETİM A.Ş.
"ALNTF, ANF",ALTERNATİFBANK A.Ş.,KPMG BAĞIMSIZ DENETİM VE SERBEST MUHASEBECİ MALİ MÜŞAVİRLİK A.Ş.
AYCES,ALTIN YUNUS ÇEŞME TURİSTİK TESİSLER A.Ş.,EREN BAĞIMSIZ DENETİM A.Ş.
ALMAD,ALTINYAĞ MADENCİLİK VE ENERJİ YATIRIMLARI SANAYİ VE TİCARET A.Ş.,RSM TURKEY ARKAN ERGİN ULUSLARARASI BAĞIMSIZ DENETİM A.Ş.
ANSGR,ANADOLU ANONİM TÜRK SİGORTA ŞİRKETİ,GÜNEY BAĞIMSIZ DENETİM VE SERBEST MUHASEBECİ MALİ MÜŞAVİRLİK A.Ş.
AEFES,ANADOLU EFES BİRACILIK VE MALT SANAYİİ A.Ş.,PwC BAĞIMSIZ DENETİM VE SERBEST MUHASEBECİ MALİ MÜŞAVİRLİK A.Ş
ANHYT,ANADOLU HAYAT EMEKLİLİK A.Ş.,GÜNEY BAĞIMSIZ DENETİM VE SERBEST MUHASEBECİ MALİ MÜŞAVİRLİK A.Ş.
ASUZU,ANADOLU ISUZU OTOMOTİV SANAYİ VE TİCARET A.Ş.,PwC BAĞIMSIZ DENETİM VE SERBEST MUHASEBECİ MALİ MÜŞAVİRLİK A.Ş
ANGEN,ANATOLİA TANI VE BİYOTEKNOLOJİ ÜRÜNLERİ ARAŞTIRMA GELİŞTİRME SANAYİ VE TİCARET A.Ş.,PKF ADAY BAĞIMSIZ DENETİM A.Ş.
ANELE,ANEL ELEKTRİK PROJE TAAHHÜT VE TİCARET A.Ş.,PwC BAĞIMSIZ DENETİM VE SERBEST MUHASEBECİ MALİ MÜŞAVİRLİK A.Ş
ARCLK,ARÇELİK A.Ş.,PwC BAĞIMSIZ DENETİM VE SERBEST MUHASEBECİ MALİ MÜŞAVİRLİK A.Ş
ARDYZ,ARD GRUP BİLİŞİM TEKNOLOJİLERİ A.Ş.,DENEYİM BAĞIMSIZ DENETİM VE DANIŞMANLIK A.Ş.
ARENA,ARENA BİLGİSAYAR SANAYİ VE TİCARET A.Ş.,PwC BAĞIMSIZ DENETİM VE SERBEST MUHASEBECİ MALİ MÜŞAVİRLİK A.Ş
ARNFK,ARENA FİNANS FAKTORİNG A.Ş.,ANIL YEMİNLİ MALİ MÜŞAVİRLİK VE BAĞIMSIZ DENETİM A.Ş.
ARSAN,ARSAN TEKSTİL TİCARET VE SANAYİ A.Ş.,GÜNCEL BAĞIMSIZ DENETİM DANIŞMANLIK A.Ş.
ARZUM,ARZUM ELEKTRİKLİ EV ALETLERİ SANAYİ VE TİCARET A.Ş.,KPMG BAĞIMSIZ DENETİM VE SERBEST MUHASEBECİ MALİ MÜŞAVİRLİK A.Ş.
ASGYO,ASCE GAYRİMENKUL YATIRIM ORTAKLIĞI A.Ş.,EREN BAĞIMSIZ DENETİM A.Ş.
ASELS,ASELSAN ELEKTRONİK SANAYİ VE TİCARET A.Ş.,YEDİTEPE BAĞIMSIZ DENETİM VE YEMİNLİ MALİ MÜŞAVİRLİK A.Ş.
ASTOR,ASTOR ENERJİ A.Ş.,EREN BAĞIMSIZ DENETİM A.Ş.
ATAGY,ATA GAYRİMENKUL YATIRIM ORTAKLIĞI A.Ş.,GÜRELİ YEMİNLİ MALİ MÜŞAVİRLİK VE BAĞIMSIZ DENETİM HİZMETLERİ A.Ş.
"ATA, ATAYM",ATA YATIRIM MENKUL KIYMETLER A.Ş.,GÜRELİ YEMİNLİ MALİ MÜŞAVİRLİK VE BAĞIMSIZ DENETİM HİZMETLERİ A.Ş.
ATAKP,ATAKEY PATATES GIDA SANAYİ VE TİCARET A.Ş.,GÜNEY BAĞIMSIZ DENETİM VE SERBEST MUHASEBECİ MALİ MÜŞAVİRLİK A.Ş.
AGYO,ATAKULE GAYRİMENKUL YATIRIM ORTAKLIĞI A.Ş.,EREN BAĞIMSIZ DENETİM A.Ş.
ATLFA,ATILIM FAKTORİNG A.Ş.,HLB SAYGIN BAĞIMSIZ DENETİM A.Ş.
ATSYH,ATLANTİS YATIRIM HOLDİNG A.Ş.,TTK BAĞIMSIZ DENETİM VE YEMİNLİ MALİ MÜŞAVİRLİK A.Ş.
ATLAS,ATLAS MENKUL KIYMETLER YATIRIM ORTAKLIĞI A.Ş.,YEDİTEPE BAĞIMSIZ DENETİM VE YEMİNLİ MALİ MÜŞAVİRLİK A.Ş.
ATATP,ATP YAZILIM VE TEKNOLOJİ A.Ş.,GÜRELİ YEMİNLİ MALİ MÜŞAVİRLİK VE BAĞIMSIZ DENETİM HİZMETLERİ A.Ş.
AVGYO,AVRASYA GAYRİMENKUL YATIRIM ORTAKLIĞI A.Ş.,YEDİTEPE BAĞIMSIZ DENETİM VE YEMİNLİ MALİ MÜŞAVİRLİK A.Ş.
AVTUR,AVRASYA PETROL VE TURİSTİK TESİSLER YATIRIMLAR A.Ş.,YEDİTEPE BAĞIMSIZ DENETİM VE YEMİNLİ MALİ MÜŞAVİRLİK A.Ş.
AVHOL,AVRUPA YATIRIM HOLDİNG A.Ş.,ANIL YEMİNLİ MALİ MÜŞAVİRLİK VE BAĞIMSIZ DENETİM A.Ş.
AYDEM,AYDEM YENİLENEBİLİR ENERJİ A.Ş.,GÜNEY BAĞIMSIZ DENETİM VE SERBEST MUHASEBECİ MALİ MÜŞAVİRLİK A.Ş.
AYEN,AYEN ENERJİ A.Ş.,GÜNEY BAĞIMSIZ DENETİM VE SERBEST MUHASEBECİ MALİ MÜŞAVİRLİK A.Ş.
AYES,AYES ÇELİK HASIR VE ÇİT SANAYİ A.Ş.,VİZYON GRUP BAĞIMSIZ DENETİM.A.Ş.
AYGAZ,AYGAZ A.Ş.,PwC BAĞIMSIZ DENETİM VE SERBEST MUHASEBECİ MALİ MÜŞAVİRLİK A.Ş
AZTEK,AZTEK TEKNOLOJİ ÜRÜNLERİ TİCARET A.Ş.,KPMG BAĞIMSIZ DENETİM VE SERBEST MUHASEBECİ MALİ MÜŞAVİRLİK A.Ş.
BAGFS,BAGFAŞ BANDIRMA GÜBRE FABRİKALARI A.Ş.,HSY DANIŞMANLIK VE BAĞIMSIZ DENETİM A.Ş.
BAKAB,BAK AMBALAJ SANAYİ VE TİCARET A.Ş.,PwC BAĞIMSIZ DENETİM VE SERBEST MUHASEBECİ MALİ MÜŞAVİRLİK A.Ş
BALAT,BALATACILAR BALATACILIK SANAYİ VE TİCARET A.Ş.,MEGA GLOBAL ULUSLARARASI BAĞIMSIZ DENETİM A.Ş.
BNTAS,BANTAŞ BANDIRMA AMBALAJ SANAYİ TİCARET A.Ş.,NOTE OFFİCE ULUSLARARASI BAĞIMSIZ DENETİM DANIŞMANLIK VE YEMİNLİ MALİ MÜŞAVİRLİK A.Ş.
BANVT,BANVİT BANDIRMA VİTAMİNLİ YEM SANAYİİ A.Ş.,EREN BAĞIMSIZ DENETİM A.Ş.
BARMA,BAREM AMBALAJ SANAYİ VE TİCARET A.Ş.,PKF ADAY BAĞIMSIZ DENETİM A.Ş.
BASGZ,BAŞKENT DOĞALGAZ DAĞITIM GAYRİMENKUL YATIRIM ORTAKLIĞI A.Ş.,PwC BAĞIMSIZ DENETİM VE SERBEST MUHASEBECİ MALİ MÜŞAVİRLİK A.Ş
BASCM,BAŞTAŞ BAŞKENT ÇİMENTO SANAYİ VE TİCARET A.Ş.,KPMG BAĞIMSIZ DENETİM VE SERBEST MUHASEBECİ MALİ MÜŞAVİRLİK A.Ş.
BTCIM,BATIÇİM BATI ANADOLU ÇİMENTO SANAYİİ A.Ş.,GÜNEY BAĞIMSIZ DENETİM VE SERBEST MUHASEBECİ MALİ MÜŞAVİRLİK A.Ş.
BSOKE,BATISÖKE SÖKE ÇİMENTO SANAYİİ T.A.Ş.,GÜNEY BAĞIMSIZ DENETİM VE SERBEST MUHASEBECİ MALİ MÜŞAVİRLİK A.Ş.
BYDNR,BAYDÖNER RESTORANLARI A.Ş.,GÜRELİ YEMİNLİ MALİ MÜŞAVİRLİK VE BAĞIMSIZ DENETİM HİZMETLERİ A.Ş.
BAYRK,BAYRAK EBT TABAN SANAYİ VE TİCARET A.Ş.,DENEYİM BAĞIMSIZ DENETİM VE DANIŞMANLIK A.Ş.
BERA,BERA HOLDİNG A.Ş.,İRFAN BAĞIMSIZ DENETİM VE YEMİNLİ MALİ MÜŞAVİRLİK A.Ş.
BRKT,BEREKET VARLIK KİRALAMA A.Ş.,PwC BAĞIMSIZ DENETİM VE SERBEST MUHASEBECİ MALİ MÜŞAVİRLİK A.Ş
BRKSN,BERKOSAN YALITIM VE TECRİT MADDELERİ ÜRETİM VE TİCARET A.Ş.,RSM TURKEY ARKAN ERGİN ULUSLARARASI BAĞIMSIZ DENETİM A.Ş.
BJKAS,BEŞİKTAŞ FUTBOL YATIRIMLARI SANAYİ VE TİCARET A.Ş.,RSM TURKEY ARKAN ERGİN ULUSLARARASI BAĞIMSIZ DENETİM A.Ş.
BEYAZ,BEYAZ FİLO OTO KİRALAMA A.Ş.,KARAR BAĞIMSIZ DENETİM VE DANIŞMANLIK A.Ş.
BIENY,BİEN YAPI ÜRÜNLERİ SANAYİ TURİZM VE TİCARET A.Ş.,NEVADOS BAĞIMSIZ DENETİM A.Ş.
BLCYT,BİLİCİ YATIRIM SANAYİ VE TİCARET A.Ş.,DENEYİM BAĞIMSIZ DENETİM VE DANIŞMANLIK A.Ş.
BLKOM,BİLKOM BİLİŞİM HİZMETLERİ A.Ş.,PwC BAĞIMSIZ DENETİM VE SERBEST MUHASEBECİ MALİ MÜŞAVİRLİK A.Ş
BIMAS,BİM BİRLEŞİK MAĞAZALAR A.Ş.,GÜNEY BAĞIMSIZ DENETİM VE SERBEST MUHASEBECİ MALİ MÜŞAVİRLİK A.Ş.
BIOEN,BİOTREND ÇEVRE VE ENERJİ YATIRIMLARI A.Ş.,RSM TURKEY ARKAN ERGİN ULUSLARARASI BAĞIMSIZ DENETİM A.Ş.
BRKVY,BİRİKİM VARLIK YÖNETİM A.Ş.,ARTI DEĞER ULUSLARARASI BAĞIMSIZ DENETİM VE YMM A.Ş.
BRKO,BİRKO BİRLEŞİK KOYUNLULULAR MENSUCAT TİCARET VE SANAYİ A.Ş.,AAC BAĞIMSIZ DENETİM VE DANIŞMANLIK A.Ş.
BRLSM,BİRLEŞİM MÜHENDİSLİK ISITMA SOĞUTMA HAVALANDIRMA SANAYİ VE TİCARET A.Ş.,YEDİTEPE BAĞIMSIZ DENETİM VE YEMİNLİ MALİ MÜŞAVİRLİK A.Ş.
BRMEN,BİRLİK MENSUCAT TİCARET VE SANAYİ İŞLETMESİ A.Ş.,ARILAR BAĞIMSIZ DENETİM VE YEMİNLİ MALİ MÜŞAVİRLİK A.Ş.
BIZIM,BİZİM TOPTAN SATIŞ MAĞAZALARI A.Ş.,PwC BAĞIMSIZ DENETİM VE SERBEST MUHASEBECİ MALİ MÜŞAVİRLİK A.Ş
BMSTL,BMS BİRLEŞİK METAL SANAYİ VE TİCARET A.Ş.,ATA ULUSLARARASI BAĞIMSIZ DENETİM VE SMMM A.Ş.
BMSCH,BMS ÇELİK HASIR SANAYİ VE TİCARET A.Ş.,ATA ULUSLARARASI BAĞIMSIZ DENETİM VE SMMM A.Ş.
BNPPI,BNP PARIBAS ISSUANCE B.V.,
BNPFK,BNP PARİBAS FİNANSAL KİRALAMA A.Ş.,PwC BAĞIMSIZ DENETİM VE SERBEST MUHASEBECİ MALİ MÜŞAVİRLİK A.Ş
BOBET,BOĞAZİÇİ BETON SANAYİ VE TİCARET A.Ş.,REANDA AREN BAĞIMSIZ DENETİM VE SMMM A.Ş.
BRSAN,BORUSAN MANNESMANN BORU SANAYİ VE TİCARET A.Ş.,GÜNEY BAĞIMSIZ DENETİM VE SERBEST MUHASEBECİ MALİ MÜŞAVİRLİK A.Ş.
BRYAT,BORUSAN YATIRIM VE PAZARLAMA A.Ş.,GÜNEY BAĞIMSIZ DENETİM VE SERBEST MUHASEBECİ MALİ MÜŞAVİRLİK A.Ş.
BFREN,BOSCH FREN SİSTEMLERİ SANAYİ VE TİCARET A.Ş.,GÜNEY BAĞIMSIZ DENETİM VE SERBEST MUHASEBECİ MALİ MÜŞAVİRLİK A.Ş.
BOSSA,BOSSA TİCARET VE SANAYİ İŞLETMELERİ T.A.Ş.,PwC BAĞIMSIZ DENETİM VE SERBEST MUHASEBECİ MALİ MÜŞAVİRLİK A.Ş
BRISA,BRİSA BRIDGESTONE SABANCI LASTİK SANAYİ VE TİCARET A.Ş.,KPMG BAĞIMSIZ DENETİM VE SERBEST MUHASEBECİ MALİ MÜŞAVİRLİK A.Ş.
BURCE,BURÇELİK BURSA ÇELİK DÖKÜM SANAYİİ A.Ş.,KAVRAM BAĞIMSIZ DENETİM VE DANIŞMANLIK A.Ş.
BURVA,BURÇELİK VANA SANAYİ VE TİCARET A.Ş.,KAVRAM BAĞIMSIZ DENETİM VE DANIŞMANLIK A.Ş.
BUCIM,BURSA ÇİMENTO FABRİKASI A.Ş.,SUN BAĞIMSIZ DENETİM VE YEMİNLİ MALİ MÜŞAVİRLİK A.Ş.
BVSAN,BÜLBÜLOĞLU VİNÇ SANAYİ VE TİCARET A.Ş.,DENEYİM BAĞIMSIZ DENETİM VE DANIŞMANLIK A.Ş.
BIGCH,BÜYÜK ŞEFLER GIDA TURİZM TEKSTİL DANIŞMANLIK ORGANİZASYON EĞİTİM SANAYİ VE TİCARET A.Ş.,PwC BAĞIMSIZ DENETİM VE SERBEST MUHASEBECİ MALİ MÜŞAVİRLİK A.Ş
CRFSA,CARREFOURSA CARREFOUR SABANCI TİCARET MERKEZİ A.Ş.,KPMG BAĞIMSIZ DENETİM VE SERBEST MUHASEBECİ MALİ MÜŞAVİRLİK A.Ş.
CASA,CASA EMTİA PETROL KİMYEVİ VE TÜREVLERİ SANAYİ TİCARET A.Ş.,SER-BERKER BAĞIMSIZ DENETİM A.Ş.
CEOEM,CEO EVENT MEDYA A.Ş.,VİZYON GRUP BAĞIMSIZ DENETİM.A.Ş.
CCOLA,COCA-COLA İÇECEK A.Ş.,PwC BAĞIMSIZ DENETİM VE SERBEST MUHASEBECİ MALİ MÜŞAVİRLİK A.Ş
CONSE,CONSUS ENERJİ İŞLETMECİLİĞİ VE HİZMETLERİ A.Ş.,PKF ADAY BAĞIMSIZ DENETİM A.Ş.
COSMO,COSMOS YATIRIM HOLDİNG A.Ş.,BOĞAZİÇİ BAĞIMSIZ DENETİM VE YEMİNLİ MALİ MÜŞAVİRLİK A.Ş.
CRDFA,CREDITWEST FAKTORİNG A.Ş.,ARTI DEĞER ULUSLARARASI BAĞIMSIZ DENETİM VE YMM A.Ş.
CVKMD,CVK MADEN İŞLETMELERİ SANAYİ VE TİCARET A.Ş.,RAM BAĞIMSIZ DENETİM VE DANIŞMANLIK A.Ş.
CWENE,CW ENERJİ MÜHENDİSLİK TİCARET VE SANAYİ A.Ş.,YEDİTEPE BAĞIMSIZ DENETİM VE YEMİNLİ MALİ MÜŞAVİRLİK A.Ş.
CAGFA,ÇAĞDAŞ FAKTORİNG A.Ş.,DRT BAĞIMSIZ DENETİM VE SERBEST MUHASEBECİ MALİ MÜŞAVİRLİK A.Ş.
CLDNM,ÇALIK DENİM TEKSTİL SANAYİ VE TİCARET A.Ş.,GÜNEY BAĞIMSIZ DENETİM VE SERBEST MUHASEBECİ MALİ MÜŞAVİRLİK A.Ş.
CANTE,ÇAN2 TERMİK A.Ş.,AS BAĞIMSIZ DENETİM VE YEMİNLİ MALİ MÜŞAVİRLİK A.Ş.
CLEBI,ÇELEBİ HAVA SERVİSİ A.Ş.,DRT BAĞIMSIZ DENETİM VE SERBEST MUHASEBECİ MALİ MÜŞAVİRLİK A.Ş.
CELHA,ÇELİK HALAT VE TEL SANAYİİ A.Ş.,PwC BAĞIMSIZ DENETİM VE SERBEST MUHASEBECİ MALİ MÜŞAVİRLİK A.Ş
CEMAS,ÇEMAŞ DÖKÜM SANAYİ A.Ş.,BİRLEŞİK EKOL BAĞIMSIZ DENETİM A.Ş.
CEMTS,ÇEMTAŞ ÇELİK MAKİNA SANAYİ VE TİCARET A.Ş.,SUN BAĞIMSIZ DENETİM VE YEMİNLİ MALİ MÜŞAVİRLİK A.Ş.
CMBTN,ÇİMBETON HAZIRBETON VE PREFABRİK YAPI ELEMANLARI SANAYİ VE TİCARET A.Ş.,BDO DENET BAĞIMSIZ DENETİM VE DANIŞMANLIK A.Ş.
CMENT,ÇİMENTAŞ İZMİR ÇİMENTO FABRİKASI T.A.Ş.,BDO DENET BAĞIMSIZ DENETİM VE DANIŞMANLIK A.Ş.
CIMSA,ÇİMSA ÇİMENTO SANAYİ VE TİCARET A.Ş.,PwC BAĞIMSIZ DENETİM VE SERBEST MUHASEBECİ MALİ MÜŞAVİRLİK A.Ş
CUSAN,ÇUHADAROĞLU METAL SANAYİ VE PAZARLAMA A.Ş.,YEDİTEPE BAĞIMSIZ DENETİM VE YEMİNLİ MALİ MÜŞAVİRLİK A.Ş.
DYBNK,D YATIRIM BANKASI A.Ş.,PwC BAĞIMSIZ DENETİM VE SERBEST MUHASEBECİ MALİ MÜŞAVİRLİK A.Ş
DAGI,DAGİ GİYİM SANAYİ VE TİCARET A.Ş.,PKF ADAY BAĞIMSIZ DENETİM A.Ş.
DAGHL,DAGİ YATIRIM HOLDİNG A.Ş.,PKF ADAY BAĞIMSIZ DENETİM A.Ş.
DAPGM,DAP GAYRİMENKUL GELİŞTİRME A.Ş.,PKF ADAY BAĞIMSIZ DENETİM A.Ş.
DARDL,DARDANEL ÖNENTAŞ GIDA SANAYİ A.Ş.,KPMG BAĞIMSIZ DENETİM VE SERBEST MUHASEBECİ MALİ MÜŞAVİRLİK A.Ş.
DGATE,DATAGATE BİLGİSAYAR MALZEMELERİ TİCARET A.Ş.,GÜRELİ YEMİNLİ MALİ MÜŞAVİRLİK VE BAĞIMSIZ DENETİM HİZMETLERİ A.Ş.
DGRVK,DEĞER VARLIK KİRALAMA A.Ş.,PwC BAĞIMSIZ DENETİM VE SERBEST MUHASEBECİ MALİ MÜŞAVİRLİK A.Ş
DMSAS,DEMİSAŞ DÖKÜM EMAYE MAMÜLLERİ SANAYİ A.Ş.,GÜRELİ YEMİNLİ MALİ MÜŞAVİRLİK VE BAĞIMSIZ DENETİM HİZMETLERİ A.Ş.
DENGE,DENGE YATIRIM HOLDİNG A.Ş.,MİTRA BAĞIMSIZ DENETİM A.Ş.
DENFA,DENİZ FAKTORİNG A.Ş.,DRT BAĞIMSIZ DENETİM VE SERBEST MUHASEBECİ MALİ MÜŞAVİRLİK A.Ş.
DNFIN,DENİZ FİNANSAL KİRALAMA A.Ş.,DRT BAĞIMSIZ DENETİM VE SERBEST MUHASEBECİ MALİ MÜŞAVİRLİK A.Ş.
DZGYO,DENİZ GAYRİMENKUL YATIRIM ORTAKLIĞI A.Ş.,DRT BAĞIMSIZ DENETİM VE SERBEST MUHASEBECİ MALİ MÜŞAVİRLİK A.Ş.
"DZY, DZYMK",DENİZ YATIRIM MENKUL KIYMETLER A.Ş.,DRT BAĞIMSIZ DENETİM VE SERBEST MUHASEBECİ MALİ MÜŞAVİRLİK A.Ş.
"DENIZ, DNZ",DENİZBANK A.Ş.,DRT BAĞIMSIZ DENETİM VE SERBEST MUHASEBECİ MALİ MÜŞAVİRLİK A.Ş.
DERIM,DERİMOD KONFEKSİYON AYAKKABI DERİ SANAYİ VE TİCARET A.Ş.,PwC BAĞIMSIZ DENETİM VE SERBEST MUHASEBECİ MALİ MÜŞAVİRLİK A.Ş
DERHL,DERLÜKS YATIRIM HOLDİNG A.Ş.,RSM TURKEY ARKAN ERGİN ULUSLARARASI BAĞIMSIZ DENETİM A.Ş.
DESA,DESA DERİ SANAYİ VE TİCARET A.Ş.,BİRLEŞİM NEKS BAĞIMSIZ DENETİM A.Ş.
DESPC,DESPEC BİLGİSAYAR PAZARLAMA VE TİCARET A.Ş.,GÜRELİ YEMİNLİ MALİ MÜŞAVİRLİK VE BAĞIMSIZ DENETİM HİZMETLERİ A.Ş.
DTYGD,DETAY GIDA SANAYİ VE TİCARET A.Ş.,DRT BAĞIMSIZ DENETİM VE SERBEST MUHASEBECİ MALİ MÜŞAVİRLİK A.Ş.
DEVA,DEVA HOLDİNG A.Ş.,DRT BAĞIMSIZ DENETİM VE SERBEST MUHASEBECİ MALİ MÜŞAVİRLİK A.Ş.
DNISI,DİNAMİK ISI MAKİNA YALITIM MALZEMELERİ SANAYİ VE TİCARET A.Ş.,HSY DANIŞMANLIK VE BAĞIMSIZ DENETİM A.Ş.
DIRIT,DİRİTEKS DİRİLİŞ TEKSTİL SANAYİ VE TİCARET A.Ş.,AAC BAĞIMSIZ DENETİM VE DANIŞMANLIK A.Ş.
DITAS,DİTAŞ DOĞAN YEDEK PARÇA İMALAT VE TEKNİK A.Ş.,PwC BAĞIMSIZ DENETİM VE SERBEST MUHASEBECİ MALİ MÜŞAVİRLİK A.Ş
DOCO,DO & CO AKTIENGESELLSCHAFT,PwC BAĞIMSIZ DENETİM VE SERBEST MUHASEBECİ MALİ MÜŞAVİRLİK A.Ş
DOBUR,DOĞAN BURDA DERGİ YAYINCILIK VE PAZARLAMA A.Ş.,PwC BAĞIMSIZ DENETİM VE SERBEST MUHASEBECİ MALİ MÜŞAVİRLİK A.Ş
DDTCR,DOĞAN DIŞ TİCARET VE MÜMESSİLLİK A.Ş.,PwC BAĞIMSIZ DENETİM VE SERBEST MUHASEBECİ MALİ MÜŞAVİRLİK A.Ş
DOHOL,DOĞAN ŞİRKETLER GRUBU HOLDİNG A.Ş.,PwC BAĞIMSIZ DENETİM VE SERBEST MUHASEBECİ MALİ MÜŞAVİRLİK A.Ş
DTRND,DOĞAN TREND OTOMOTİV TİCARET HİZMET VE TEKNOLOJİ A.Ş.,PwC BAĞIMSIZ DENETİM VE SERBEST MUHASEBECİ MALİ MÜŞAVİRLİK A.Ş
DGNMO,DOĞANLAR MOBİLYA GRUBU İMALAT SANAYİ VE TİCARET A.Ş.,GÜRELİ YEMİNLİ MALİ MÜŞAVİRLİK VE BAĞIMSIZ DENETİM HİZMETLERİ A.Ş.
ARASE,DOĞU ARAS ENERJİ YATIRIMLARI A.Ş.,DRT BAĞIMSIZ DENETİM VE SERBEST MUHASEBECİ MALİ MÜŞAVİRLİK A.Ş.
DOGUB,DOĞUSAN BORU SANAYİİ VE TİCARET A.Ş.,REPORT BAĞIMSIZ DENETİM A.Ş.
DGGYO,DOĞUŞ GAYRİMENKUL YATIRIM ORTAKLIĞI A.Ş.,KPMG BAĞIMSIZ DENETİM VE SERBEST MUHASEBECİ MALİ MÜŞAVİRLİK A.Ş.
DOAS,DOĞUŞ OTOMOTİV SERVİS VE TİCARET A.Ş.,PwC BAĞIMSIZ DENETİM VE SERBEST MUHASEBECİ MALİ MÜŞAVİRLİK A.Ş
DFKTR,DORUK FAKTORİNG A.Ş.,PwC BAĞIMSIZ DENETİM VE SERBEST MUHASEBECİ MALİ MÜŞAVİRLİK A.Ş
DOKTA,DÖKTAŞ DÖKÜMCÜLÜK TİCARET VE SANAYİ A.Ş.,PwC BAĞIMSIZ DENETİM VE SERBEST MUHASEBECİ MALİ MÜŞAVİRLİK A.Ş
DURDO,DURAN DOĞAN BASIM VE AMBALAJ SANAYİ A.Ş.,GÜRELİ YEMİNLİ MALİ MÜŞAVİRLİK VE BAĞIMSIZ DENETİM HİZMETLERİ A.Ş.
DNYVA,DÜNYA VARLIK YÖNETİM A.Ş.,GÜNEY BAĞIMSIZ DENETİM VE SERBEST MUHASEBECİ MALİ MÜŞAVİRLİK A.Ş.
DYOBY,DYO BOYA FABRİKALARI SANAYİ VE TİCARET A.Ş.,KPMG BAĞIMSIZ DENETİM VE SERBEST MUHASEBECİ MALİ MÜŞAVİRLİK A.Ş.
EDATA,E-DATA TEKNOLOJİ PAZARLAMA A.Ş.,DENGE ANKARA BAĞIMSIZ DENETİM VE YEMİNLİ MALİ MÜŞAVİRLİK A.Ş.
EBEBK,EBEBEK MAĞAZACILIK A.Ş.,
ECZYT,ECZACIBAŞI YATIRIM HOLDİNG ORTAKLIĞI A.Ş.,PwC BAĞIMSIZ DENETİM VE SERBEST MUHASEBECİ MALİ MÜŞAVİRLİK A.Ş
EDIP,EDİP GAYRİMENKUL YATIRIM SANAYİ VE TİCARET A.Ş.,MGI BAĞIMSIZ DENETİM A.Ş.
EGEEN,EGE ENDÜSTRİ VE TİCARET A.Ş.,PwC BAĞIMSIZ DENETİM VE SERBEST MUHASEBECİ MALİ MÜŞAVİRLİK A.Ş
EGGUB,EGE GÜBRE SANAYİİ A.Ş.,REANDA AREN BAĞIMSIZ DENETİM VE SMMM A.Ş.
EGPRO,EGE PROFİL TİCARET VE SANAYİ A.Ş.,PwC BAĞIMSIZ DENETİM VE SERBEST MUHASEBECİ MALİ MÜŞAVİRLİK A.Ş
EGSER,EGE SERAMİK SANAYİ VE TİCARET A.Ş.,AS BAĞIMSIZ DENETİM VE YEMİNLİ MALİ MÜŞAVİRLİK A.Ş.
EPLAS,EGEPLAST EGE PLASTİK TİCARET VE SANAYİ A.Ş.,EREN BAĞIMSIZ DENETİM A.Ş.
ECILC,EİS ECZACIBAŞI İLAÇ SINAİ VE FİNANSAL YATIRIMLAR SANAYİ VE TİCARET A.Ş.,PwC BAĞIMSIZ DENETİM VE SERBEST MUHASEBECİ MALİ MÜŞAVİRLİK A.Ş
EKIZ,EKİZ KİMYA SANAYİ VE TİCARET A.Ş.,HLB SAYGIN BAĞIMSIZ DENETİM A.Ş.
EKOFA,EKO FAKTORİNG A.Ş.,PwC BAĞIMSIZ DENETİM VE SERBEST MUHASEBECİ MALİ MÜŞAVİRLİK A.Ş
EKSUN,EKSUN GIDA TARIM SANAYİ VE TİCARET A.Ş.,VEZİN BAĞIMSIZ DENETİM A.Ş.
ELITE,ELİTE NATUREL ORGANİK GIDA SANAYİ VE TİCARET A.Ş.,KARAR BAĞIMSIZ DENETİM VE DANIŞMANLIK A.Ş.
EMKEL,EMEK ELEKTRİK ENDÜSTRİSİ A.Ş.,KARAR BAĞIMSIZ DENETİM VE DANIŞMANLIK A.Ş.
EMNIS,EMİNİŞ AMBALAJ SANAYİ VE TİCARET A.Ş.,ELİT BAĞIMSIZ DENETİM VE YEMİNLİ MALİ MÜŞAVİRLİK A.Ş.
EMIRV,EMİR VARLIK YÖNETİM A.Ş.,KPMG BAĞIMSIZ DENETİM VE SERBEST MUHASEBECİ MALİ MÜŞAVİRLİK A.Ş.
EKTVK,EMLAK KATILIM VARLIK KİRALAMA A.Ş.,PwC BAĞIMSIZ DENETİM VE SERBEST MUHASEBECİ MALİ MÜŞAVİRLİK A.Ş
EKGYO,EMLAK KONUT GAYRİMENKUL YATIRIM ORTAKLIĞI A.Ş.,PwC BAĞIMSIZ DENETİM VE SERBEST MUHASEBECİ MALİ MÜŞAVİRLİK A.Ş
EMVAR,EMLAK VARLIK KİRALAMA A.Ş.,PwC BAĞIMSIZ DENETİM VE SERBEST MUHASEBECİ MALİ MÜŞAVİRLİK A.Ş
ENJSA,ENERJİSA ENERJİ A.Ş.,PwC BAĞIMSIZ DENETİM VE SERBEST MUHASEBECİ MALİ MÜŞAVİRLİK A.Ş
ENERY,ENERYA ENERJİ A.Ş.,FİNANSAL EKSEN BAĞIMSIZ DENETİM VE DANIŞMANLIK A.Ş.
ENKAI,ENKA İNŞAAT VE SANAYİ A.Ş.,KPMG BAĞIMSIZ DENETİM VE SERBEST MUHASEBECİ MALİ MÜŞAVİRLİK A.Ş.
ENSRI,ENSARİ DERİ GIDA SANAYİ VE TİCARET A.Ş.,YEDİTEPE BAĞIMSIZ DENETİM VE YEMİNLİ MALİ MÜŞAVİRLİK A.Ş.
ERBOS,ERBOSAN ERCİYAS BORU SANAYİİ VE TİCARET A.Ş.,FİNANSAL EKSEN BAĞIMSIZ DENETİM VE DANIŞMANLIK A.Ş.
ERCB,ERCİYAS ÇELİK BORU SANAYİ A.Ş.,İRFAN BAĞIMSIZ DENETİM VE YEMİNLİ MALİ MÜŞAVİRLİK A.Ş.
EREGL,EREĞLİ DEMİR VE ÇELİK FABRİKALARI T.A.Ş.,DRT BAĞIMSIZ DENETİM VE SERBEST MUHASEBECİ MALİ MÜŞAVİRLİK A.Ş.
ERGLI,EREĞLİ TEKSTİL TURİZM SANAYİ VE TİCARET A.Ş.,AKSİS ULUSLARARASI BAĞIMSIZ DENETİM A.Ş.
KIMMR,ERSAN ALIŞVERİŞ HİZMETLERİ VE GIDA SANAYİ TİCARET A.Ş.,BOĞAZİÇİ BAĞIMSIZ DENETİM VE YEMİNLİ MALİ MÜŞAVİRLİK A.Ş.
ERSU,ERSU MEYVE VE GIDA SANAYİ A.Ş.,NOTE OFFİCE ULUSLARARASI BAĞIMSIZ DENETİM DANIŞMANLIK VE YEMİNLİ MALİ MÜŞAVİRLİK A.Ş.
ESCAR,ESCAR FİLO KİRALAMA HİZMETLERİ A.Ş.,PwC BAĞIMSIZ DENETİM VE SERBEST MUHASEBECİ MALİ MÜŞAVİRLİK A.Ş
ESCOM,ESCORT TEKNOLOJİ YATIRIM A.Ş.,PKF ADAY BAĞIMSIZ DENETİM A.Ş.
ESEN,ESENBOĞA ELEKTRİK ÜRETİM A.Ş.,DRT BAĞIMSIZ DENETİM VE SERBEST MUHASEBECİ MALİ MÜŞAVİRLİK A.Ş.
ETILR,ETİLER GIDA VE TİCARİ YATIRIMLAR SANAYİ VE TİCARET A.Ş.,VEZİN BAĞIMSIZ DENETİM A.Ş.
EUKYO,EURO KAPİTAL YATIRIM ORTAKLIĞI A.Ş.,GÜNCEL BAĞIMSIZ DENETİM DANIŞMANLIK A.Ş.
EUYO,EURO MENKUL KIYMET YATIRIM ORTAKLIĞI A.Ş.,GÜNCEL BAĞIMSIZ DENETİM DANIŞMANLIK A.Ş.
ETYAT,EURO TREND YATIRIM ORTAKLIĞI A.Ş.,GÜNCEL BAĞIMSIZ DENETİM DANIŞMANLIK A.Ş.
EUHOL,EURO YATIRIM HOLDİNG A.Ş.,GÜNCEL BAĞIMSIZ DENETİM DANIŞMANLIK A.Ş.
TEZOL,EUROPAP TEZOL KAĞIT SANAYİ VE TİCARET A.Ş.,PwC BAĞIMSIZ DENETİM VE SERBEST MUHASEBECİ MALİ MÜŞAVİRLİK A.Ş
EUREN,EUROPEN ENDÜSTRİ İNŞAAT SANAYİ VE TİCARET A.Ş.,C&Ç BAĞIMSIZ DENETİM VE YÖNETİM DANIŞMANLIĞI A.Ş.
EUPWR,EUROPOWER ENERJİ VE OTOMASYON TEKNOLOJİLERİ SANAYİ TİCARET A.Ş.,DENEYİM BAĞIMSIZ DENETİM VE DANIŞMANLIK A.Ş.
EYGYO,EYG GAYRİMENKUL YATIRIM ORTAKLIĞI A.Ş.,VİZYON GRUP BAĞIMSIZ DENETİM.A.Ş.
FADE,FADE GIDA YATIRIM SANAYİ TİCARET A.Ş.,ARTI DEĞER ULUSLARARASI BAĞIMSIZ DENETİM VE YMM A.Ş.
FSDAT,FASDAT GIDA DAĞITIM SANAYİ VE TİCARET A.Ş.,GÜNEY BAĞIMSIZ DENETİM VE SERBEST MUHASEBECİ MALİ MÜŞAVİRLİK A.Ş.
FMIZP,FEDERAL-MOGUL İZMİT PİSTON VE PİM ÜRETİM TESİSLERİ A.Ş.,EREN BAĞIMSIZ DENETİM A.Ş.
FENER,FENERBAHÇE FUTBOL A.Ş.,DRT BAĞIMSIZ DENETİM VE SERBEST MUHASEBECİ MALİ MÜŞAVİRLİK A.Ş.
FIBAF,FİBA FAKTORİNG A.Ş.,RSM TURKEY ARKAN ERGİN ULUSLARARASI BAĞIMSIZ DENETİM A.Ş.
"FBB, FBBNK",FİBABANKA A.Ş.,KPMG BAĞIMSIZ DENETİM VE SERBEST MUHASEBECİ MALİ MÜŞAVİRLİK A.Ş.
FLAP,FLAP KONGRE TOPLANTI HİZMETLERİ OTOMOTİV VE TURİZM A.Ş.,KARAR BAĞIMSIZ DENETİM VE DANIŞMANLIK A.Ş.
FONET,FONET BİLGİ TEKNOLOJİLERİ A.Ş.,EREN BAĞIMSIZ DENETİM A.Ş.
FROTO,FORD OTOMOTİV SANAYİ A.Ş.,PwC BAĞIMSIZ DENETİM VE SERBEST MUHASEBECİ MALİ MÜŞAVİRLİK A.Ş
FORMT,FORMET METAL VE CAM SANAYİ A.Ş.,DENEYİM BAĞIMSIZ DENETİM VE DANIŞMANLIK A.Ş.
FORTE,FORTE BİLGİ İLETİŞİM TEKNOLOJİLERİ VE SAVUNMA SANAYİ A.Ş.,RAM BAĞIMSIZ DENETİM VE DANIŞMANLIK A.Ş.
FRIGO,FRİGO-PAK GIDA MADDELERİ SANAYİ VE TİCARET A.Ş.,ÇÖZÜM ÜNLÜER BAĞIMSIZ DENETİM VE YEMİNLİ MALİ MÜŞAVİRLİK A.Ş.
FZLGY,FUZUL GAYRİMENKUL YATIRIM ORTAKLIĞI A.Ş.,VİZYON GRUP BAĞIMSIZ DENETİM.A.Ş.
GWIND,GALATA WIND ENERJİ A.Ş.,PwC BAĞIMSIZ DENETİM VE SERBEST MUHASEBECİ MALİ MÜŞAVİRLİK A.Ş
GSRAY,GALATASARAY SPORTİF SINAİ VE TİCARİ YATIRIMLAR A.Ş.,EREN BAĞIMSIZ DENETİM A.Ş.
GAPIN,GAP İNŞAAT YATIRIM VE DIŞ TİCARET A.Ş.,GÜNEY BAĞIMSIZ DENETİM VE SERBEST MUHASEBECİ MALİ MÜŞAVİRLİK A.Ş.
GARFA,GARANTİ FAKTORİNG A.Ş.,GÜNEY BAĞIMSIZ DENETİM VE SERBEST MUHASEBECİ MALİ MÜŞAVİRLİK A.Ş.
GARFL,GARANTİ FİLO YÖNETİM HİZMETLERİ A.Ş.,GÜNEY BAĞIMSIZ DENETİM VE SERBEST MUHASEBECİ MALİ MÜŞAVİRLİK A.Ş.
GRFIN,GARANTİ FİNANSAL KİRALAMA A.Ş.,GÜNEY BAĞIMSIZ DENETİM VE SERBEST MUHASEBECİ MALİ MÜŞAVİRLİK A.Ş.
GRNYO,GARANTİ YATIRIM ORTAKLIĞI A.Ş.,GÜNEY BAĞIMSIZ DENETİM VE SERBEST MUHASEBECİ MALİ MÜŞAVİRLİK A.Ş.
GEDIK,GEDİK YATIRIM MENKUL DEĞERLER A.Ş.,PKF ADAY BAĞIMSIZ DENETİM A.Ş.
GEDZA,GEDİZ AMBALAJ SANAYİ VE TİCARET A.Ş.,YKY BAĞIMSIZ DENETİM VE YEMİNLİ MALİ MÜŞAVİRLİK A.Ş.
GLCVY,GELECEK VARLIK YÖNETİMİ A.Ş.,DRT BAĞIMSIZ DENETİM VE SERBEST MUHASEBECİ MALİ MÜŞAVİRLİK A.Ş.
GENIL,GEN İLAÇ VE SAĞLIK ÜRÜNLERİ SANAYİ VE TİCARET A.Ş.,EREN BAĞIMSIZ DENETİM A.Ş.
GENTS,GENTAŞ DEKORATİF YÜZEYLER SANAYİ VE TİCARET A.Ş.,YEDİTEPE BAĞIMSIZ DENETİM VE YEMİNLİ MALİ MÜŞAVİRLİK A.Ş.
GEREL,GERSAN ELEKTRİK TİCARET VE SANAYİ A.Ş.,VENTERA BAĞIMSIZ DENETİM A.Ş.
GZNMI,GEZİNOMİ SEYAHAT TURİZM TİCARET A.Ş.,HLB SAYGIN BAĞIMSIZ DENETİM A.Ş.
GMTAS,GİMAT MAĞAZACILIK SANAYİ VE TİCARET A.Ş.,DENEYİM BAĞIMSIZ DENETİM VE DANIŞMANLIK A.Ş.
GESAN,GİRİŞİM ELEKTRİK SANAYİ TAAHHÜT VE TİCARET A.Ş.,DENEYİM BAĞIMSIZ DENETİM VE DANIŞMANLIK A.Ş.
"GLB, GLBMD",GLOBAL MENKUL DEĞERLER A.Ş.,PKF ADAY BAĞIMSIZ DENETİM A.Ş.
GLYHO,GLOBAL YATIRIM HOLDİNG A.Ş.,PKF ADAY BAĞIMSIZ DENETİM A.Ş.
GGBVK,GOLDEN GLOBAL VARLIK KİRALAMA A.Ş.,DRT BAĞIMSIZ DENETİM VE SERBEST MUHASEBECİ MALİ MÜŞAVİRLİK A.Ş.
GSIPD,GOLDMAN SACHS INTERNATIONAL,
GOODY,GOODYEAR LASTİKLERİ T.A.Ş.,BDO DENET BAĞIMSIZ DENETİM VE DANIŞMANLIK A.Ş.
GOKNR,GÖKNUR GIDA MADDELERİ ENERJİ İMALAT İTHALAT İHRACAT TİCARET VE SANAYİ A.Ş.,EREN BAĞIMSIZ DENETİM A.Ş.
GOLTS,GÖLTAŞ GÖLLER BÖLGESİ ÇİMENTO SANAYİ VE TİCARET A.Ş.,BDO DENET BAĞIMSIZ DENETİM VE DANIŞMANLIK A.Ş.
GOZDE,GÖZDE GİRİŞİM SERMAYESİ YATIRIM ORTAKLIĞI A.Ş.,PwC BAĞIMSIZ DENETİM VE SERBEST MUHASEBECİ MALİ MÜŞAVİRLİK A.Ş
GRTRK,GRAINTURK TARIM A.Ş.,AKADEMİK BAĞIMSIZ DENETİM A.Ş.
GSDDE,GSD DENİZCİLİK GAYRİMENKUL İNŞAAT SANAYİ VE TİCARET A.Ş.,PwC BAĞIMSIZ DENETİM VE SERBEST MUHASEBECİ MALİ MÜŞAVİRLİK A.Ş
GSDHO,GSD HOLDİNG A.Ş.,PwC BAĞIMSIZ DENETİM VE SERBEST MUHASEBECİ MALİ MÜŞAVİRLİK A.Ş
GUBRF,GÜBRE FABRİKALARI T.A.Ş.,EREN BAĞIMSIZ DENETİM A.Ş.
GLRYH,GÜLER YATIRIM HOLDİNG A.Ş.,PKF ADAY BAĞIMSIZ DENETİM A.Ş.
GRSEL,GÜR-SEL TURİZM TAŞIMACILIK VE SERVİS TİCARET A.Ş.,PKF ADAY BAĞIMSIZ DENETİM A.Ş.
SAHOL,HACI ÖMER SABANCI HOLDİNG A.Ş.,PwC BAĞIMSIZ DENETİM VE SERBEST MUHASEBECİ MALİ MÜŞAVİRLİK A.Ş
HALKF,HALK FİNANSAL KİRALAMA A.Ş.,DRT BAĞIMSIZ DENETİM VE SERBEST MUHASEBECİ MALİ MÜŞAVİRLİK A.Ş.
HLGYO,HALK GAYRİMENKUL YATIRIM ORTAKLIĞI A.Ş.,DRT BAĞIMSIZ DENETİM VE SERBEST MUHASEBECİ MALİ MÜŞAVİRLİK A.Ş.
HLVKS,HALK VARLIK KİRALAMA A.Ş.,DRT BAĞIMSIZ DENETİM VE SERBEST MUHASEBECİ MALİ MÜŞAVİRLİK A.Ş.
"HALKI, HLY",HALK YATIRIM MENKUL DEĞERLER A.Ş.,DRT BAĞIMSIZ DENETİM VE SERBEST MUHASEBECİ MALİ MÜŞAVİRLİK A.Ş.
HATEK,HATEKS HATAY TEKSTİL İŞLETMELERİ A.Ş.,KARAR BAĞIMSIZ DENETİM VE DANIŞMANLIK A.Ş.
HDFFL,HEDEF ARAÇ KİRALAMA VE SERVİS A.Ş.,GÜNEY BAĞIMSIZ DENETİM VE SERBEST MUHASEBECİ MALİ MÜŞAVİRLİK A.Ş.
HDFGS,HEDEF GİRİŞİM SERMAYESİ YATIRIM ORTAKLIĞI A.Ş.,HSY DANIŞMANLIK VE BAĞIMSIZ DENETİM A.Ş.
HEDEF,HEDEF HOLDİNG A.Ş.,HSY DANIŞMANLIK VE BAĞIMSIZ DENETİM A.Ş.
HEKTS,HEKTAŞ TİCARET T.A.Ş.,DRT BAĞIMSIZ DENETİM VE SERBEST MUHASEBECİ MALİ MÜŞAVİRLİK A.Ş.
HKTM,HİDROPAR HAREKET KONTROL TEKNOLOJİLERİ MERKEZİ SANAYİ VE TİCARET A.Ş.,NOTE OFFİCE ULUSLARARASI BAĞIMSIZ DENETİM DANIŞMANLIK VE YEMİNLİ MALİ MÜŞAVİRLİK A.Ş.
HTTBT,HİTİT BİLGİSAYAR HİZMETLERİ A.Ş.,PwC BAĞIMSIZ DENETİM VE SERBEST MUHASEBECİ MALİ MÜŞAVİRLİK A.Ş
HUBVC,HUB GİRİŞİM SERMAYESİ YATIRIM ORTAKLIĞI A.Ş.,ANALİZ BAĞIMSIZ DENETİM VE DANIŞMANLIK A.Ş.
HUNER,HUN YENİLENEBİLİR ENERJİ ÜRETİM A.Ş.,BM BAĞIMSIZ DENETİM A.Ş.
HUZFA,HUZUR FAKTORİNG A.Ş.,HSY DANIŞMANLIK VE BAĞIMSIZ DENETİM A.Ş.
HURGZ,HÜRRİYET GAZETECİLİK VE MATBAACILIK A.Ş.,VİZYON GRUP BAĞIMSIZ DENETİM.A.Ş.
"ICB, ICBCT",ICBC TURKEY BANK A.Ş.,DRT BAĞIMSIZ DENETİM VE SERBEST MUHASEBECİ MALİ MÜŞAVİRLİK A.Ş.
ICUGS,ICU GİRİŞİM SERMAYESİ YATIRIM ORTAKLIĞI A.Ş.,BİRLEŞİM NEKS BAĞIMSIZ DENETİM A.Ş.
INGRM,INGRAM MİCRO BİLİŞİM SİSTEMLERİ A.Ş.,GÜNEY BAĞIMSIZ DENETİM VE SERBEST MUHASEBECİ MALİ MÜŞAVİRLİK A.Ş.
INVEO,INVEO YATIRIM HOLDİNG A.Ş.,PKF ADAY BAĞIMSIZ DENETİM A.Ş.
INVES,INVESTCO HOLDİNG A.Ş.,PwC BAĞIMSIZ DENETİM VE SERBEST MUHASEBECİ MALİ MÜŞAVİRLİK A.Ş
ISKPL,IŞIK PLASTİK SANAYİ VE DIŞ TİCARET PAZARLAMA A.Ş.,EREN BAĞIMSIZ DENETİM A.Ş.
IEYHO,IŞIKLAR ENERJİ VE YAPI HOLDİNG A.Ş.,BİRLEŞİK EKOL BAĞIMSIZ DENETİM A.Ş.
IDEAS,İDEAL FİNANSAL TEKNOLOJİLER VE DANIŞMANLIK A.Ş.,HSY DANIŞMANLIK VE BAĞIMSIZ DENETİM A.Ş.
IDGYO,İDEALİST GAYRİMENKUL YATIRIM ORTAKLIĞI A.Ş.,KARAR BAĞIMSIZ DENETİM VE DANIŞMANLIK A.Ş.
IHEVA,İHLAS EV ALETLERİ İMALAT SANAYİ VE TİCARET A.Ş.,KAİZEN BAĞIMSIZ DENETİM A.Ş.
IHLGM,İHLAS GAYRİMENKUL PROJE GELİŞTİRME VE TİCARET A.Ş.,KAİZEN BAĞIMSIZ DENETİM A.Ş.
IHGZT,İHLAS GAZETECİLİK A.Ş.,KAİZEN BAĞIMSIZ DENETİM A.Ş.
IHAAS,İHLAS HABER AJANSI A.Ş.,KAİZEN BAĞIMSIZ DENETİM A.Ş.
IHLAS,İHLAS HOLDİNG A.Ş.,KAİZEN BAĞIMSIZ DENETİM A.Ş.
IHYAY,İHLAS YAYIN HOLDİNG A.Ş.,KAİZEN BAĞIMSIZ DENETİM A.Ş.
IMASM,İMAŞ MAKİNA SANAYİ A.Ş.,TTK BAĞIMSIZ DENETİM VE YEMİNLİ MALİ MÜŞAVİRLİK A.Ş.
INALR,İNALLAR OTOMOTİV SANAYİ VE TİCARET A.Ş.,KARAR BAĞIMSIZ DENETİM VE DANIŞMANLIK A.Ş.
INDES,İNDEKS BİLGİSAYAR SİSTEMLERİ MÜHENDİSLİK SANAYİ VE TİCARET A.Ş.,GÜRELİ YEMİNLİ MALİ MÜŞAVİRLİK VE BAĞIMSIZ DENETİM HİZMETLERİ A.Ş.
"INFO, IYF",İNFO YATIRIM MENKUL DEĞERLER A.Ş.,PKF ADAY BAĞIMSIZ DENETİM A.Ş.
INTEM,İNTEMA İNŞAAT VE TESİSAT MALZEMELERİ YATIRIM VE PAZARLAMA A.Ş.,PwC BAĞIMSIZ DENETİM VE SERBEST MUHASEBECİ MALİ MÜŞAVİRLİK A.Ş
IPEKE,İPEK DOĞAL ENERJİ KAYNAKLARI ARAŞTIRMA VE ÜRETİM A.Ş.,GÜNEY BAĞIMSIZ DENETİM VE SERBEST MUHASEBECİ MALİ MÜŞAVİRLİK A.Ş.
ISDMR,İSKENDERUN DEMİR VE ÇELİK A.Ş.,DRT BAĞIMSIZ DENETİM VE SERBEST MUHASEBECİ MALİ MÜŞAVİRLİK A.Ş.
ISFIN,İŞ FİNANSAL KİRALAMA A.Ş.,GÜNEY BAĞIMSIZ DENETİM VE SERBEST MUHASEBECİ MALİ MÜŞAVİRLİK A.Ş.
ISGYO,İŞ GAYRİMENKUL YATIRIM ORTAKLIĞI A.Ş.,GÜNEY BAĞIMSIZ DENETİM VE SERBEST MUHASEBECİ MALİ MÜŞAVİRLİK A.Ş.
ISGSY,İŞ GİRİŞİM SERMAYESİ YATIRIM ORTAKLIĞI A.Ş.,GÜNEY BAĞIMSIZ DENETİM VE SERBEST MUHASEBECİ MALİ MÜŞAVİRLİK A.Ş.
"ISMEN, IYM",İŞ YATIRIM MENKUL DEĞERLER A.Ş.,GÜNEY BAĞIMSIZ DENETİM VE SERBEST MUHASEBECİ MALİ MÜŞAVİRLİK A.Ş.
ISYAT,İŞ YATIRIM ORTAKLIĞI A.Ş.,GÜNEY BAĞIMSIZ DENETİM VE SERBEST MUHASEBECİ MALİ MÜŞAVİRLİK A.Ş.
ISBIR,İŞBİR HOLDİNG A.Ş.,EREN BAĞIMSIZ DENETİM A.Ş.
ISSEN,İŞBİR SENTETİK DOKUMA SANAYİ A.Ş.,EREN BAĞIMSIZ DENETİM A.Ş.
ITTFH,İTTİFAK HOLDİNG A.Ş.,TTK BAĞIMSIZ DENETİM VE YEMİNLİ MALİ MÜŞAVİRLİK A.Ş.
IZINV,İZ YATIRIM HOLDİNG A.Ş.,SGD BAĞIMSIZ DENETİM HİZMETLERİ A.Ş.
IZENR,İZDEMİR ENERJİ ELEKTRİK ÜRETİM A.Ş.,HSY DANIŞMANLIK VE BAĞIMSIZ DENETİM A.Ş.
IZMDC,İZMİR DEMİR ÇELİK SANAYİ A.Ş.,GÜNEY BAĞIMSIZ DENETİM VE SERBEST MUHASEBECİ MALİ MÜŞAVİRLİK A.Ş.
IZFAS,İZMİR FIRÇA SANAYİ VE TİCARET A.Ş.,GÖRÜŞ BAĞIMSIZ DENETİM VE YEMİNLİ MALİ MÜŞAVİRLİK A.Ş.
JANTS,JANTSA JANT SANAYİ VE TİCARET A.Ş.,ÇÖZÜM ÜNLÜER BAĞIMSIZ DENETİM VE YEMİNLİ MALİ MÜŞAVİRLİK A.Ş.
KFEIN,KAFEİN YAZILIM HİZMETLERİ TİCARET A.Ş.,KAVRAM BAĞIMSIZ DENETİM VE DANIŞMANLIK A.Ş.
KLKIM,KALEKİM KİMYEVİ MADDELER SANAYİ VE TİCARET A.Ş.,PwC BAĞIMSIZ DENETİM VE SERBEST MUHASEBECİ MALİ MÜŞAVİRLİK A.Ş
KLSER,KALESERAMİK ÇANAKKALE KALEBODUR SERAMİK SANAYİ A.Ş.,PwC BAĞIMSIZ DENETİM VE SERBEST MUHASEBECİ MALİ MÜŞAVİRLİK A.Ş
KLVKS,KALKINMA YATIRIM VARLIK KİRALAMA A.Ş.,KPMG BAĞIMSIZ DENETİM VE SERBEST MUHASEBECİ MALİ MÜŞAVİRLİK A.Ş.
"KAPTESTAS001, TRAKAPTEST01",KAP TEST A.Ş.,KAP TEST BAĞIMSIZ DENETİM A.Ş.
KAPLM,KAPLAMİN AMBALAJ SANAYİ VE TİCARET A.Ş.,RSM TURKEY ARKAN ERGİN ULUSLARARASI BAĞIMSIZ DENETİM A.Ş.
"KRDMA, KRDMB, KRDMD",KARDEMİR KARABÜK DEMİR ÇELİK SANAYİ VE TİCARET A.Ş.,DRT BAĞIMSIZ DENETİM VE SERBEST MUHASEBECİ MALİ MÜŞAVİRLİK A.Ş.
KAREL,KAREL ELEKTRONİK SANAYİ VE TİCARET A.Ş.,PwC BAĞIMSIZ DENETİM VE SERBEST MUHASEBECİ MALİ MÜŞAVİRLİK A.Ş
KARSN,KARSAN OTOMOTİV SANAYİİ VE TİCARET A.Ş.,BDO DENET BAĞIMSIZ DENETİM VE DANIŞMANLIK A.Ş.
KRTEK,KARSU TEKSTİL SANAYİİ VE TİCARET A.Ş.,YKY BAĞIMSIZ DENETİM VE YEMİNLİ MALİ MÜŞAVİRLİK A.Ş.
KARYE,KARTAL YENİLENEBİLİR ENERJİ ÜRETİM A.Ş.,BM BAĞIMSIZ DENETİM A.Ş.
KARTN,KARTONSAN KARTON SANAYİ VE TİCARET A.Ş.,GÜRELİ YEMİNLİ MALİ MÜŞAVİRLİK VE BAĞIMSIZ DENETİM HİZMETLERİ A.Ş.
KATVK,KATILIM VARLIK KİRALAMA A.Ş.,DRT BAĞIMSIZ DENETİM VE SERBEST MUHASEBECİ MALİ MÜŞAVİRLİK A.Ş.
KTLEV,KATILIMEVİM TASARRUF FİNANSMAN A.Ş.,AKSİS ULUSLARARASI BAĞIMSIZ DENETİM A.Ş.
KATMR,KATMERCİLER ARAÇ ÜSTÜ EKİPMAN SANAYİ VE TİCARET A.Ş.,AKSİS ULUSLARARASI BAĞIMSIZ DENETİM A.Ş.
KAYSE,KAYSERİ ŞEKER FABRİKASI A.Ş.,KPMG BAĞIMSIZ DENETİM VE SERBEST MUHASEBECİ MALİ MÜŞAVİRLİK A.Ş.
KNTFA,KENT FİNANS FAKTORİNG A.Ş.,EREN BAĞIMSIZ DENETİM A.Ş.
KENT,KENT GIDA MADDELERİ SANAYİİ VE TİCARET A.Ş.,PwC BAĞIMSIZ DENETİM VE SERBEST MUHASEBECİ MALİ MÜŞAVİRLİK A.Ş
KERVT,KEREVİTAŞ GIDA SANAYİ VE TİCARET A.Ş.,PwC BAĞIMSIZ DENETİM VE SERBEST MUHASEBECİ MALİ MÜŞAVİRLİK A.Ş
KRVGD,KERVAN GIDA SANAYİ VE TİCARET A.Ş.,YEDİTEPE BAĞIMSIZ DENETİM VE YEMİNLİ MALİ MÜŞAVİRLİK A.Ş.
KERVN,KERVANSARAY YATIRIM HOLDİNG A.Ş.,MEGA GLOBAL ULUSLARARASI BAĞIMSIZ DENETİM A.Ş.
KZBGY,KIZILBÜK GAYRİMENKUL YATIRIM ORTAKLIĞI A.Ş.,ARSEN BAĞIMSIZ DENETİM HİZMETLERİ A.Ş.
KLGYO,KİLER GAYRİMENKUL YATIRIM ORTAKLIĞI A.Ş.,EREN BAĞIMSIZ DENETİM A.Ş.
KLRHO,KİLER HOLDİNG A.Ş.,EREN BAĞIMSIZ DENETİM A.Ş.
KMPUR,KİMTEKS POLİÜRETAN SANAYİ VE TİCARET A.Ş.,DRT BAĞIMSIZ DENETİM VE SERBEST MUHASEBECİ MALİ MÜŞAVİRLİK A.Ş.
KLMSN,KLİMASAN KLİMA SANAYİ VE TİCARET A.Ş.,BDO DENET BAĞIMSIZ DENETİM VE DANIŞMANLIK A.Ş.
KCAER,KOCAER ÇELİK SANAYİ VE TİCARET A.Ş.,GÜRELİ YEMİNLİ MALİ MÜŞAVİRLİK VE BAĞIMSIZ DENETİM HİZMETLERİ A.Ş.
KFKTF,KOÇ FIAT KREDİ FİNANSMAN A.Ş.,GÜNEY BAĞIMSIZ DENETİM VE SERBEST MUHASEBECİ MALİ MÜŞAVİRLİK A.Ş.
KOCFN,KOÇ FİNANSMAN A.Ş.,PwC BAĞIMSIZ DENETİM VE SERBEST MUHASEBECİ MALİ MÜŞAVİRLİK A.Ş
KCHOL,KOÇ HOLDİNG A.Ş.,PwC BAĞIMSIZ DENETİM VE SERBEST MUHASEBECİ MALİ MÜŞAVİRLİK A.Ş
KLSYN,KOLEKSİYON MOBİLYA SANAYİ A.Ş.,EREN BAĞIMSIZ DENETİM A.Ş.
KNFRT,KONFRUT GIDA SANAYİ VE TİCARET A.Ş.,RASYONEL BAĞIMSIZ DENETİM VE YEMİNLİ MALİ MÜŞAVİRLİK A.Ş.
KONTR,KONTROLMATİK TEKNOLOJİ ENERJİ VE MÜHENDİSLİK A.Ş.,GÜRELİ YEMİNLİ MALİ MÜŞAVİRLİK VE BAĞIMSIZ DENETİM HİZMETLERİ A.Ş.
KONYA,KONYA ÇİMENTO SANAYİİ A.Ş.,KPMG BAĞIMSIZ DENETİM VE SERBEST MUHASEBECİ MALİ MÜŞAVİRLİK A.Ş.
KONKA,KONYA KAĞIT SANAYİ VE TİCARET A.Ş.,İRFAN BAĞIMSIZ DENETİM VE YEMİNLİ MALİ MÜŞAVİRLİK A.Ş.
KGYO,KORAY GAYRİMENKUL YATIRIM ORTAKLIĞI A.Ş.,VİZYON GRUP BAĞIMSIZ DENETİM.A.Ş.
KORDS,KORDSA TEKNİK TEKSTİL A.Ş.,KPMG BAĞIMSIZ DENETİM VE SERBEST MUHASEBECİ MALİ MÜŞAVİRLİK A.Ş.
KRPLS,KOROPLAST TEMİZLİK AMBALAJ ÜRÜNLERİ SANAYİ VE DIŞ TİCARET A.Ş.,DRT BAĞIMSIZ DENETİM VE SERBEST MUHASEBECİ MALİ MÜŞAVİRLİK A.Ş.
KORTS,KORTEKS MENSUCAT SANAYİ VE TİCARET A.Ş.,ARILAR BAĞIMSIZ DENETİM VE YEMİNLİ MALİ MÜŞAVİRLİK A.Ş.
KOZAL,KOZA ALTIN İŞLETMELERİ A.Ş.,GÜNEY BAĞIMSIZ DENETİM VE SERBEST MUHASEBECİ MALİ MÜŞAVİRLİK A.Ş.
KOZAA,KOZA ANADOLU METAL MADENCİLİK İŞLETMELERİ A.Ş.,GÜNEY BAĞIMSIZ DENETİM VE SERBEST MUHASEBECİ MALİ MÜŞAVİRLİK A.Ş.
KOPOL,KOZA POLYESTER SANAYİ VE TİCARET A.Ş.,PKF ADAY BAĞIMSIZ DENETİM A.Ş.
KRGYO,KÖRFEZ GAYRİMENKUL YATIRIM ORTAKLIĞI A.Ş.,GÜNEY BAĞIMSIZ DENETİM VE SERBEST MUHASEBECİ MALİ MÜŞAVİRLİK A.Ş.
KRSTL,KRİSTAL KOLA VE MEŞRUBAT SANAYİ TİCARET A.Ş.,YORUM YEMİNLİ MALİ MÜŞAVİRLİK VE BAĞIMSIZ DENETİM A.Ş.
KRONT,KRON TEKNOLOJİ A.Ş.,KAVRAM BAĞIMSIZ DENETİM VE DANIŞMANLIK A.Ş.
KTKVK,KT KİRA SERTİFİKALARI VARLIK KİRALAMA A.Ş.,GÜNEY BAĞIMSIZ DENETİM VE SERBEST MUHASEBECİ MALİ MÜŞAVİRLİK A.Ş.
KSTUR,KUŞTUR KUŞADASI TURİZM ENDÜSTRİSİ A.Ş.,KAVRAM BAĞIMSIZ DENETİM VE DANIŞMANLIK A.Ş.
KUVVA,KUVVA GIDA TİCARET VE SANAYİ YATIRIMLARI A.Ş.,ELİT BAĞIMSIZ DENETİM VE YEMİNLİ MALİ MÜŞAVİRLİK A.Ş.
KUYAS,KUYAŞ YATIRIM A.Ş.,AKADEMİK BAĞIMSIZ DENETİM A.Ş.
KZGYO,KUZUGRUP GAYRİMENKUL YATIRIM ORTAKLIĞI A.Ş.,EREN BAĞIMSIZ DENETİM A.Ş.
KUTPO,KÜTAHYA PORSELEN SANAYİ A.Ş.,GÜRELİ YEMİNLİ MALİ MÜŞAVİRLİK VE BAĞIMSIZ DENETİM HİZMETLERİ A.Ş.
KTSKR,KÜTAHYA ŞEKER FABRİKASI A.Ş.,VİZYON GRUP BAĞIMSIZ DENETİM.A.Ş.
LIDER,LDR TURİZM A.Ş.,EDİT BAĞIMSIZ DENETİM HİZMETLERİ A.Ş.
LIDFA,LİDER FAKTORİNG A.Ş.,PwC BAĞIMSIZ DENETİM VE SERBEST MUHASEBECİ MALİ MÜŞAVİRLİK A.Ş
LINK,LİNK BİLGİSAYAR SİSTEMLERİ YAZILIMI VE DONANIMI SANAYİ VE TİCARET A.Ş.,HSY DANIŞMANLIK VE BAĞIMSIZ DENETİM A.Ş.
LOGO,LOGO YAZILIM SANAYİ VE TİCARET A.Ş.,DRT BAĞIMSIZ DENETİM VE SERBEST MUHASEBECİ MALİ MÜŞAVİRLİK A.Ş.
LKMNH,LOKMAN HEKİM ENGÜRÜSAĞ SAĞLIK TURİZM EĞİTİM HİZMETLERİ VE İNŞAAT TAAHHÜT A.Ş.,KARAR BAĞIMSIZ DENETİM VE DANIŞMANLIK A.Ş.
LUKSK,LÜKS KADİFE TİCARET VE SANAYİİ A.Ş.,ÇÖZÜM ÜNLÜER BAĞIMSIZ DENETİM VE YEMİNLİ MALİ MÜŞAVİRLİK A.Ş.
MACKO,MACKOLİK İNTERNET HİZMETLERİ TİCARET A.Ş.,RAM BAĞIMSIZ DENETİM VE DANIŞMANLIK A.Ş.
MAKIM,MAKİM MAKİNA TEKNOLOJİLERİ SANAYİ VE TİCARET A.Ş.,VEZİN BAĞIMSIZ DENETİM A.Ş.
MAKTK,MAKİNA TAKIM ENDÜSTRİSİ A.Ş.,PwC BAĞIMSIZ DENETİM VE SERBEST MUHASEBECİ MALİ MÜŞAVİRLİK A.Ş
MANAS,MANAS ENERJİ YÖNETİMİ SANAYİ VE TİCARET A.Ş.,FİNANSAL EKSEN BAĞIMSIZ DENETİM VE DANIŞMANLIK A.Ş.
"MRBAS, MRS",MARBAŞ MENKUL DEĞERLER A.Ş.,PKF ADAY BAĞIMSIZ DENETİM A.Ş.
MAGEN,MARGÜN ENERJİ ÜRETİM SANAYİ VE TİCARET A.Ş.,DRT BAĞIMSIZ DENETİM VE SERBEST MUHASEBECİ MALİ MÜŞAVİRLİK A.Ş.
MRMAG,MARKA MAĞAZACILIK A.Ş.,DRT BAĞIMSIZ DENETİM VE SERBEST MUHASEBECİ MALİ MÜŞAVİRLİK A.Ş.
MARKA,MARKA YATIRIM HOLDİNG A.Ş.,RASYONEL BAĞIMSIZ DENETİM VE YEMİNLİ MALİ MÜŞAVİRLİK A.Ş.
MAALT,MARMARİS ALTINYUNUS TURİSTİK TESİSLER A.Ş.,PwC BAĞIMSIZ DENETİM VE SERBEST MUHASEBECİ MALİ MÜŞAVİRLİK A.Ş
MRSHL,MARSHALL BOYA VE VERNİK SANAYİİ A.Ş.,BDO DENET BAĞIMSIZ DENETİM VE DANIŞMANLIK A.Ş.
MRGYO,MARTI GAYRİMENKUL YATIRIM ORTAKLIĞI A.Ş.,GÜRELİ YEMİNLİ MALİ MÜŞAVİRLİK VE BAĞIMSIZ DENETİM HİZMETLERİ A.Ş.
MARTI,MARTI OTEL İŞLETMELERİ A.Ş.,GÜRELİ YEMİNLİ MALİ MÜŞAVİRLİK VE BAĞIMSIZ DENETİM HİZMETLERİ A.Ş.
MTRKS,MATRİKS BİLGİ DAĞITIM HİZMETLERİ A.Ş.,ANIL YEMİNLİ MALİ MÜŞAVİRLİK VE BAĞIMSIZ DENETİM A.Ş.
MAVI,MAVİ GİYİM SANAYİ VE TİCARET A.Ş.,DRT BAĞIMSIZ DENETİM VE SERBEST MUHASEBECİ MALİ MÜŞAVİRLİK A.Ş.
MZHLD,MAZHAR ZORLU HOLDİNG A.Ş.,EREN BAĞIMSIZ DENETİM A.Ş.
MEDTR,MEDİTERA TIBBİ MALZEME SANAYİ VE TİCARET A.Ş.,HSY DANIŞMANLIK VE BAĞIMSIZ DENETİM A.Ş.
MEGAP,MEGA POLİETİLEN KÖPÜK SANAYİ VE TİCARET A.Ş.,HSY DANIŞMANLIK VE BAĞIMSIZ DENETİM A.Ş.
"MEKMD, MSA",MEKSA YATIRIM MENKUL DEĞERLER A.Ş.,YEDİTEPE BAĞIMSIZ DENETİM VE YEMİNLİ MALİ MÜŞAVİRLİK A.Ş.
MNDRS,MENDERES TEKSTİL SANAYİ VE TİCARET A.Ş.,PKF ADAY BAĞIMSIZ DENETİM A.Ş.
MEPET,MEPET METRO PETROL VE TESİSLERİ SANAYİ TİCARET A.Ş.,YEDİTEPE BAĞIMSIZ DENETİM VE YEMİNLİ MALİ MÜŞAVİRLİK A.Ş.
MERCN,MERCAN KİMYA SANAYİ VE TİCARET A.Ş.,VİZYON GRUP BAĞIMSIZ DENETİM.A.Ş.
MRBKF,MERCEDES BENZ KAMYON FİNANSMAN A.Ş.,BDO DENET BAĞIMSIZ DENETİM VE DANIŞMANLIK A.Ş.
MBFTR,MERCEDES-BENZ FİNANSMAN TÜRK A.Ş.,KPMG BAĞIMSIZ DENETİM VE SERBEST MUHASEBECİ MALİ MÜŞAVİRLİK A.Ş.
MERIT,MERİT TURİZM YATIRIM VE İŞLETME A.Ş.,ATA ULUSLARARASI BAĞIMSIZ DENETİM VE SMMM A.Ş.
MERKO,MERKO GIDA SANAYİ VE TİCARET A.Ş.,ÇÖZÜM ÜNLÜER BAĞIMSIZ DENETİM VE YEMİNLİ MALİ MÜŞAVİRLİK A.Ş.
METUR,METEMTUR YATIRIM ENERJİ TURİZM VE İNŞAAT A.Ş.,VENTERA BAĞIMSIZ DENETİM A.Ş.
METRO,METRO TİCARİ VE MALİ YATIRIMLAR HOLDİNG A.Ş.,YEDİTEPE BAĞIMSIZ DENETİM VE YEMİNLİ MALİ MÜŞAVİRLİK A.Ş.
MTRYO,METRO YATIRIM ORTAKLIĞI A.Ş.,YEDİTEPE BAĞIMSIZ DENETİM VE YEMİNLİ MALİ MÜŞAVİRLİK A.Ş.
MIATK,MİA TEKNOLOJİ A.Ş.,KARAR BAĞIMSIZ DENETİM VE DANIŞMANLIK A.Ş.
MGROS,MİGROS TİCARET A.Ş.,PwC BAĞIMSIZ DENETİM VE SERBEST MUHASEBECİ MALİ MÜŞAVİRLİK A.Ş
MIPAZ,MİLPA TİCARİ VE SINAİ ÜRÜNLER PAZARLAMA SANAYİ VE TİCARET A.Ş.,PwC BAĞIMSIZ DENETİM VE SERBEST MUHASEBECİ MALİ MÜŞAVİRLİK A.Ş
MSGYO,MİSTRAL GAYRİMENKUL YATIRIM ORTAKLIĞI A.Ş.,SUN BAĞIMSIZ DENETİM VE YEMİNLİ MALİ MÜŞAVİRLİK A.Ş.
MPARK,MLP SAĞLIK HİZMETLERİ A.Ş.,DRT BAĞIMSIZ DENETİM VE SERBEST MUHASEBECİ MALİ MÜŞAVİRLİK A.Ş.
MMCAS,MMC SANAYİ VE TİCARİ YATIRIMLAR A.Ş.,ARILAR BAĞIMSIZ DENETİM VE YEMİNLİ MALİ MÜŞAVİRLİK A.Ş.
MOBTL,MOBİLTEL İLETİŞİM HİZMETLERİ SANAYİ VE TİCARET A.Ş.,YEDİTEPE BAĞIMSIZ DENETİM VE YEMİNLİ MALİ MÜŞAVİRLİK A.Ş.
MNDTR,MONDİ TURKEY OLUKLU MUKAVVA KAĞIT VE AMBALAJ SANAYİ A.Ş.,REANDA AREN BAĞIMSIZ DENETİM VE SMMM A.Ş.
EGEPO,NASMED ÖZEL SAĞLIK HİZMETLERİ TİCARET A.Ş.,LİSANS BAĞIMSIZ DENETİM VE DANIŞMANLIK A.Ş.
NATEN,NATUREL YENİLENEBİLİR ENERJİ TİCARET A.Ş.,DRT BAĞIMSIZ DENETİM VE SERBEST MUHASEBECİ MALİ MÜŞAVİRLİK A.Ş.
NTGAZ,NATURELGAZ SANAYİ VE TİCARET A.Ş.,PKF ADAY BAĞIMSIZ DENETİM A.Ş.
NTHOL,NET HOLDİNG A.Ş.,ATA ULUSLARARASI BAĞIMSIZ DENETİM VE SMMM A.Ş.
NETAS,NETAŞ TELEKOMÜNİKASYON A.Ş.,KPMG BAĞIMSIZ DENETİM VE SERBEST MUHASEBECİ MALİ MÜŞAVİRLİK A.Ş.
NIBAS,NİĞBAŞ NİĞDE BETON SANAYİ VE TİCARET A.Ş.,BİRLEŞİK EKOL BAĞIMSIZ DENETİM A.Ş.
NUHCM,NUH ÇİMENTO SANAYİ A.Ş.,DRT BAĞIMSIZ DENETİM VE SERBEST MUHASEBECİ MALİ MÜŞAVİRLİK A.Ş.
NUGYO,NUROL GAYRİMENKUL YATIRIM ORTAKLIĞI A.Ş.,KPMG BAĞIMSIZ DENETİM VE SERBEST MUHASEBECİ MALİ MÜŞAVİRLİK A.Ş.
NRHOL,NUROL HOLDİNG A.Ş.,EREN BAĞIMSIZ DENETİM A.Ş.
NRLIN,NUROL İNŞAAT VE TİCARET A.Ş.,EREN BAĞIMSIZ DENETİM A.Ş.
NURVK,NUROL VARLIK KİRALAMA A.Ş.,PwC BAĞIMSIZ DENETİM VE SERBEST MUHASEBECİ MALİ MÜŞAVİRLİK A.Ş
"NRBNK, NYB",NUROL YATIRIM BANKASI  A.Ş.,PwC BAĞIMSIZ DENETİM VE SERBEST MUHASEBECİ MALİ MÜŞAVİRLİK A.Ş
OBASE,OBASE BİLGİSAYAR VE DANIŞMANLIK HİZMETLERİ TİCARET A.Ş.,KAVRAM BAĞIMSIZ DENETİM VE DANIŞMANLIK A.Ş.
ODAS,ODAŞ ELEKTRİK ÜRETİM SANAYİ TİCARET A.Ş.,AS BAĞIMSIZ DENETİM VE YEMİNLİ MALİ MÜŞAVİRLİK A.Ş.
"ODB, ODEA",ODEA BANK A.Ş.,KPMG BAĞIMSIZ DENETİM VE SERBEST MUHASEBECİ MALİ MÜŞAVİRLİK A.Ş.
OFSYM,OFİS YEM GIDA SANAYİ TİCARET A.Ş.,A-1 YEMİNLİ MALİ MÜŞAVİRLİK VE BAĞIMSIZ DENETİM A.Ş.
ONCSM,ONCOSEM ONKOLOJİK SİSTEMLER SANAYİ VE TİCARET A.Ş.,EREN BAĞIMSIZ DENETİM A.Ş.
OPET,OPET PETROLCÜLÜK A.Ş.,PwC BAĞIMSIZ DENETİM VE SERBEST MUHASEBECİ MALİ MÜŞAVİRLİK A.Ş
ORCAY,ORÇAY ORTAKÖY ÇAY SANAYİ VE TİCARET A.Ş.,DENEYİM BAĞIMSIZ DENETİM VE DANIŞMANLIK A.Ş.
ORFIN,ORFİN FİNANSMAN A.Ş.,DRT BAĞIMSIZ DENETİM VE SERBEST MUHASEBECİ MALİ MÜŞAVİRLİK A.Ş.
ORGE,ORGE ENERJİ ELEKTRİK TAAHHÜT A.Ş.,VİZYON GRUP BAĞIMSIZ DENETİM.A.Ş.
ORMA,ORMA ORMAN MAHSULLERİ İNTEGRE SANAYİ VE TİCARET A.Ş.,BDO DENET BAĞIMSIZ DENETİM VE DANIŞMANLIK A.Ş.
"OMD, OSMEN",OSMANLI YATIRIM MENKUL DEĞERLER A.Ş.,PwC BAĞIMSIZ DENETİM VE SERBEST MUHASEBECİ MALİ MÜŞAVİRLİK A.Ş
OSTIM,OSTİM ENDÜSTRİYEL YATIRIMLAR VE İŞLETME A.Ş.,YEDİTEPE BAĞIMSIZ DENETİM VE YEMİNLİ MALİ MÜŞAVİRLİK A.Ş.
OTKAR,OTOKAR OTOMOTİV VE SAVUNMA SANAYİ A.Ş.,GÜNEY BAĞIMSIZ DENETİM VE SERBEST MUHASEBECİ MALİ MÜŞAVİRLİK A.Ş.
OTOKC,OTOKOÇ OTOMOTİV TİCARET VE SANAYİ A.Ş.,PwC BAĞIMSIZ DENETİM VE SERBEST MUHASEBECİ MALİ MÜŞAVİRLİK A.Ş
OTTO,OTTO HOLDİNG A.Ş.,SER-BERKER BAĞIMSIZ DENETİM A.Ş.
OYAKC,OYAK ÇİMENTO FABRİKALARI A.Ş.,GÜNEY BAĞIMSIZ DENETİM VE SERBEST MUHASEBECİ MALİ MÜŞAVİRLİK A.Ş.
"OYA, OYYAT",OYAK YATIRIM MENKUL DEĞERLER A.Ş.,DRT BAĞIMSIZ DENETİM VE SERBEST MUHASEBECİ MALİ MÜŞAVİRLİK A.Ş.
OYAYO,OYAK YATIRIM ORTAKLIĞI A.Ş.,DRT BAĞIMSIZ DENETİM VE SERBEST MUHASEBECİ MALİ MÜŞAVİRLİK A.Ş.
OYLUM,OYLUM SINAİ YATIRIMLAR A.Ş.,REHBER BAĞIMSIZ DENETİM VE YEMİNLİ MALİ MÜŞAVİRLİK A.Ş.
OZKGY,ÖZAK GAYRİMENKUL YATIRIM ORTAKLIĞI A.Ş.,KPMG BAĞIMSIZ DENETİM VE SERBEST MUHASEBECİ MALİ MÜŞAVİRLİK A.Ş.
OZGYO,ÖZDERİCİ GAYRİMENKUL YATIRIM ORTAKLIĞI A.Ş.,REPORT BAĞIMSIZ DENETİM A.Ş.
OZRDN,ÖZERDEN AMBALAJ SANAYİ A.Ş.,AKADEMİK BAĞIMSIZ DENETİM A.Ş.
OZSUB,ÖZSU BALIK ÜRETİM A.Ş.,EREN BAĞIMSIZ DENETİM A.Ş.
PALEN,PALEN ENERJİ DOĞALGAZ DAĞITIM ENDÜSTRİ VE TİCARET A.Ş.,DRT BAĞIMSIZ DENETİM VE SERBEST MUHASEBECİ MALİ MÜŞAVİRLİK A.Ş.
PAMEL,PAMEL YENİLENEBİLİR ELEKTRİK ÜRETİM A.Ş.,PwC BAĞIMSIZ DENETİM VE SERBEST MUHASEBECİ MALİ MÜŞAVİRLİK A.Ş
PNLSN,PANELSAN ÇATI CEPHE SİSTEMLERİ SANAYİ VE TİCARET A.Ş.,EREN BAĞIMSIZ DENETİM A.Ş.
PAGYO,PANORA GAYRİMENKUL YATIRIM ORTAKLIĞI A.Ş.,EREN BAĞIMSIZ DENETİM A.Ş.
PAPIL,PAPİLON SAVUNMA TEKNOLOJİ VE TİCARET A.Ş.,PwC BAĞIMSIZ DENETİM VE SERBEST MUHASEBECİ MALİ MÜŞAVİRLİK A.Ş
PRDGS,PARDUS GİRİŞİM SERMAYESİ YATIRIM ORTAKLIĞI A.Ş.,PKF ADAY BAĞIMSIZ DENETİM A.Ş.
PRKME,PARK ELEKTRİK ÜRETİM MADENCİLİK SANAYİ VE TİCARET A.Ş.,PwC BAĞIMSIZ DENETİM VE SERBEST MUHASEBECİ MALİ MÜŞAVİRLİK A.Ş
PARSN,PARSAN MAKİNA PARÇALARI SANAYİİ A.Ş.,PwC BAĞIMSIZ DENETİM VE SERBEST MUHASEBECİ MALİ MÜŞAVİRLİK A.Ş
"PBT, PBTR",PASHA YATIRIM BANKASI A.Ş.,KPMG BAĞIMSIZ DENETİM VE SERBEST MUHASEBECİ MALİ MÜŞAVİRLİK A.Ş.
PASEU,PASİFİK EURASİA LOJİSTİK DIŞ TİCARET A.Ş.,DENEYİM BAĞIMSIZ DENETİM VE DANIŞMANLIK A.Ş.
PSGYO,PASİFİK GAYRİMENKUL YATIRIM ORTAKLIĞI A.Ş.,DENEYİM BAĞIMSIZ DENETİM VE DANIŞMANLIK A.Ş.
PCILT,PC İLETİŞİM VE MEDYA HİZMETLERİ SANAYİ TİCARET A.Ş.,VİZYON GRUP BAĞIMSIZ DENETİM.A.Ş.
PGSUS,PEGASUS HAVA TAŞIMACILIĞI A.Ş.,GÜNEY BAĞIMSIZ DENETİM VE SERBEST MUHASEBECİ MALİ MÜŞAVİRLİK A.Ş.
PEKGY,PEKER GAYRİMENKUL YATIRIM ORTAKLIĞI A.Ş.,GÜNEY BAĞIMSIZ DENETİM VE SERBEST MUHASEBECİ MALİ MÜŞAVİRLİK A.Ş.
PENGD,PENGUEN GIDA SANAYİ A.Ş.,PwC BAĞIMSIZ DENETİM VE SERBEST MUHASEBECİ MALİ MÜŞAVİRLİK A.Ş
PENTA,PENTA TEKNOLOJİ ÜRÜNLERİ DAĞITIM TİCARET A.Ş.,PwC BAĞIMSIZ DENETİM VE SERBEST MUHASEBECİ MALİ MÜŞAVİRLİK A.Ş
PEGYO,PERA GAYRİMENKUL YATIRIM ORTAKLIĞI A.Ş.,C&Ç BAĞIMSIZ DENETİM VE YÖNETİM DANIŞMANLIĞI A.Ş.
PSDTC,PERGAMON STATUS DIŞ TİCARET A.Ş.,ANIL YEMİNLİ MALİ MÜŞAVİRLİK VE BAĞIMSIZ DENETİM A.Ş.
PETKM,PETKİM PETROKİMYA HOLDİNG A.Ş.,PwC BAĞIMSIZ DENETİM VE SERBEST MUHASEBECİ MALİ MÜŞAVİRLİK A.Ş
PKENT,PETROKENT TURİZM A.Ş.,C&Ç BAĞIMSIZ DENETİM VE YÖNETİM DANIŞMANLIĞI A.Ş.
"PHC, PHLLP",PHİLLİPCAPİTAL MENKUL DEĞERLER A.Ş.,GÜRELİ YEMİNLİ MALİ MÜŞAVİRLİK VE BAĞIMSIZ DENETİM HİZMETLERİ A.Ş.
PETUN,PINAR ENTEGRE ET VE UN SANAYİİ A.Ş.,KPMG BAĞIMSIZ DENETİM VE SERBEST MUHASEBECİ MALİ MÜŞAVİRLİK A.Ş.
PINSU,PINAR SU VE İÇECEK SANAYİ VE TİCARET A.Ş.,KPMG BAĞIMSIZ DENETİM VE SERBEST MUHASEBECİ MALİ MÜŞAVİRLİK A.Ş.
PNSUT,PINAR SÜT MAMULLERİ SANAYİİ A.Ş.,KPMG BAĞIMSIZ DENETİM VE SERBEST MUHASEBECİ MALİ MÜŞAVİRLİK A.Ş.
PKART,PLASTİKKART AKILLI KART İLETİŞİM SİSTEMLERİ SANAYİ VE TİCARET A.Ş.,BDO DENET BAĞIMSIZ DENETİM VE DANIŞMANLIK A.Ş.
PLTUR,PLATFORM TURİZM TAŞIMACILIK GIDA İNŞAAT TEMİZLİK HİZMETLERİ SANAYİ VE TİCARET A.Ş.,VİZYON GRUP BAĞIMSIZ DENETİM.A.Ş.
POLHO,POLİSAN HOLDİNG A.Ş.,PwC BAĞIMSIZ DENETİM VE SERBEST MUHASEBECİ MALİ MÜŞAVİRLİK A.Ş
POLTK,POLİTEKNİK METAL SANAYİ VE TİCARET A.Ş.,DENGE BAĞIMSIZ DENETİM SERBEST MUHASEBECİ MALİ MÜŞAVİRLİK A.Ş.
PRZMA,PRİZMA PRES MATBAACILIK YAYINCILIK SANAYİ VE TİCARET A.Ş.,GRC BAĞIMSIZ DENETİM A.Ş.
QYHOL,Q YATIRIM HOLDİNG A.Ş.,HSY DANIŞMANLIK VE BAĞIMSIZ DENETİM A.Ş.
QNBFF,QNB FİNANS FAKTORİNG A.Ş.,PwC BAĞIMSIZ DENETİM VE SERBEST MUHASEBECİ MALİ MÜŞAVİRLİK A.Ş
QNBFL,QNB FİNANS FİNANSAL KİRALAMA A.Ş.,PwC BAĞIMSIZ DENETİM VE SERBEST MUHASEBECİ MALİ MÜŞAVİRLİK A.Ş
QNBVK,QNB FİNANS VARLIK KİRALAMA A.Ş.,PwC BAĞIMSIZ DENETİM VE SERBEST MUHASEBECİ MALİ MÜŞAVİRLİK A.Ş
"FNY, QNBFI",QNB FİNANS YATIRIM MENKUL DEĞERLER A.Ş.,PwC BAĞIMSIZ DENETİM VE SERBEST MUHASEBECİ MALİ MÜŞAVİRLİK A.Ş
"FIN, QNBFB",QNB FİNANSBANK A.Ş.,PwC BAĞIMSIZ DENETİM VE SERBEST MUHASEBECİ MALİ MÜŞAVİRLİK A.Ş
QUAGR,QUA GRANITE HAYAL YAPI VE ÜRÜNLERİ SANAYİ TİCARET A.Ş.,NEVADOS BAĞIMSIZ DENETİM A.Ş.
RNPOL,RAİNBOW POLİKARBONAT SANAYİ TİCARET A.Ş.,NOTE OFFİCE ULUSLARARASI BAĞIMSIZ DENETİM DANIŞMANLIK VE YEMİNLİ MALİ MÜŞAVİRLİK A.Ş.
RALYH,RAL YATIRIM HOLDİNG A.Ş.,AKADEMİK BAĞIMSIZ DENETİM A.Ş.
RAYSG,RAY SİGORTA A.Ş.,RSM TURKEY ARKAN ERGİN ULUSLARARASI BAĞIMSIZ DENETİM A.Ş.
RYGYO,REYSAŞ GAYRİMENKUL YATIRIM ORTAKLIĞI A.Ş.,ULUSLARARASI BAĞIMSIZ DENETİM A.Ş.
RYSAS,REYSAŞ TAŞIMACILIK VE LOJİSTİK TİCARET A.Ş.,ULUSLARARASI BAĞIMSIZ DENETİM A.Ş.
RODRG,RODRİGO TEKSTİL SANAYİ VE TİCARET A.Ş.,BAKIŞ YEMİNLİ MALİ MÜŞAVİRLİK VE BAĞIMSIZ DENETİM A.Ş.
ROYAL,ROYAL HALI İPLİK TEKSTİL MOBİLYA SANAYİ VE TİCARET A.Ş.,İRFAN BAĞIMSIZ DENETİM VE YEMİNLİ MALİ MÜŞAVİRLİK A.Ş.
RTALB,RTA LABORATUVARLARI BİYOLOJİK ÜRÜNLER İLAÇ VE MAKİNE SANAYİ TİCARET A.Ş.,PKF ADAY BAĞIMSIZ DENETİM A.Ş.
RUBNS,RUBENİS TEKSTİL SANAYİ TİCARET A.Ş.,FİNANSAL EKSEN BAĞIMSIZ DENETİM VE DANIŞMANLIK A.Ş.
SAFKR,SAFKAR EGE SOĞUTMACILIK KLİMA SOĞUK HAVA TESİSLERİ İHRACAT İTHALAT SANAYİ VE TİCARET A.Ş.,ÇÖZÜM ÜNLÜER BAĞIMSIZ DENETİM VE YEMİNLİ MALİ MÜŞAVİRLİK A.Ş.
SANEL,SAN-EL MÜHENDİSLİK ELEKTRİK TAAHHÜT SANAYİ VE TİCARET A.Ş.,VİZYON GRUP BAĞIMSIZ DENETİM.A.Ş.
SNICA,SANİCA ISI SANAYİ A.Ş.,AKADEMİK BAĞIMSIZ DENETİM A.Ş.
SANFM,SANİFOAM ENDÜSTRİ VE TÜKETİM ÜRÜNLERİ SANAYİ TİCARET A.Ş.,VİZYON GRUP BAĞIMSIZ DENETİM.A.Ş.
SANKO,SANKO PAZARLAMA İTHALAT İHRACAT A.Ş.,KPMG BAĞIMSIZ DENETİM VE SERBEST MUHASEBECİ MALİ MÜŞAVİRLİK A.Ş.
SAMAT,SARAY MATBAACILIK KAĞITÇILIK KIRTASİYECİLİK TİCARET VE SANAYİ A.Ş.,KÖKER YEMİNLİ MALİ MÜŞAVİRLİK VE BAĞIMSIZ DENETİM A.Ş.
SARKY,SARKUYSAN ELEKTROLİTİK BAKIR SANAYİ VE TİCARET A.Ş.,MGI BAĞIMSIZ DENETİM A.Ş.
SARTN,SARTEN AMBALAJ SANAYİ VE TİCARET A.Ş.,PwC BAĞIMSIZ DENETİM VE SERBEST MUHASEBECİ MALİ MÜŞAVİRLİK A.Ş
SASA,SASA POLYESTER SANAYİ A.Ş.,DRT BAĞIMSIZ DENETİM VE SERBEST MUHASEBECİ MALİ MÜŞAVİRLİK A.Ş.
SAYAS,SAY YENİLENEBİLİR ENERJİ EKİPMANLARI SANAYİ VE TİCARET A.Ş.,SUN BAĞIMSIZ DENETİM VE YEMİNLİ MALİ MÜŞAVİRLİK A.Ş.
SDTTR,SDT UZAY VE SAVUNMA TEKNOLOJİLERİ A.Ş.,RAM BAĞIMSIZ DENETİM VE DANIŞMANLIK A.Ş.
SEKUR,SEKURO PLASTİK AMBALAJ SANAYİ A.Ş.,GÜRELİ YEMİNLİ MALİ MÜŞAVİRLİK VE BAĞIMSIZ DENETİM HİZMETLERİ A.Ş.
SELEC,SELÇUK ECZA DEPOSU TİCARET VE SANAYİ A.Ş.,YEDİTEPE BAĞIMSIZ DENETİM VE YEMİNLİ MALİ MÜŞAVİRLİK A.Ş.
SELGD,SELÇUK GIDA ENDÜSTRİ İHRACAT İTHALAT A.Ş.,AKT BAĞIMSIZ DENETİM A.Ş.
SELVA,SELVA GIDA SANAYİ A.Ş.,TTK BAĞIMSIZ DENETİM VE YEMİNLİ MALİ MÜŞAVİRLİK A.Ş.
SNKRN,SENKRON SİBER GÜVENLİK YAZILIM VE BİLİŞİM ÇÖZÜMLERİ A.Ş.,AG YEMİNLİ MALİ MÜŞAVİRLİK VE BAĞIMSIZ  DENETİM A.Ş.
SRVGY,SERVET GAYRİMENKUL YATIRIM ORTAKLIĞI A.Ş.,ARSEN BAĞIMSIZ DENETİM HİZMETLERİ A.Ş.
SEYKM,SEYİTLER KİMYA SANAYİ A.Ş.,HSY DANIŞMANLIK VE BAĞIMSIZ DENETİM A.Ş.
SHTRP,SHELL & TURCAS PETROL A.Ş.,BDO DENET BAĞIMSIZ DENETİM VE DANIŞMANLIK A.Ş.
SILVR,SİLVERLİNE ENDÜSTRİ VE TİCARET A.Ş.,PwC BAĞIMSIZ DENETİM VE SERBEST MUHASEBECİ MALİ MÜŞAVİRLİK A.Ş
SNGYO,SİNPAŞ GAYRİMENKUL YATIRIM ORTAKLIĞI A.Ş.,ARSEN BAĞIMSIZ DENETİM HİZMETLERİ A.Ş.
SMRTG,SMART GÜNEŞ ENERJİSİ TEKNOLOJİLERİ ARAŞTIRMA GELİŞTİRME ÜRETİM SANAYİ VE TİCARET A.Ş.,EREN BAĞIMSIZ DENETİM A.Ş.
SMART,SMARTİKS YAZILIM A.Ş.,REHBER BAĞIMSIZ DENETİM VE YEMİNLİ MALİ MÜŞAVİRLİK A.Ş.
SODSN,SODAŞ SODYUM SANAYİİ A.Ş.,GÜNEY BAĞIMSIZ DENETİM VE SERBEST MUHASEBECİ MALİ MÜŞAVİRLİK A.Ş.
SOKE,SÖKE DEĞİRMENCİLİK SANAYİ VE TİCARET A.Ş.,FİNANSAL EKSEN BAĞIMSIZ DENETİM VE DANIŞMANLIK A.Ş.
SKTAS,SÖKTAŞ TEKSTİL SANAYİ VE TİCARET A.Ş.,GÜRELİ YEMİNLİ MALİ MÜŞAVİRLİK VE BAĞIMSIZ DENETİM HİZMETLERİ A.Ş.
SONME,SÖNMEZ FİLAMENT SENTETİK İPLİK VE ELYAF SANAYİ A.Ş.,CROWE OLGU BAĞIMSIZ DENETİM VE YMM A.Ş.
SNPAM,SÖNMEZ PAMUKLU SANAYİİ A.Ş.,CROWE OLGU BAĞIMSIZ DENETİM VE YMM A.Ş.
SUMAS,SUMAŞ SUNİ TAHTA VE MOBİLYA SANAYİ A.Ş.,İBD İSTANBUL BAĞIMSIZ DENETİM VE SMMM A.Ş.
SUNTK,SUN TEKSTİL SANAYİ VE TİCARET A.Ş.,SUN BAĞIMSIZ DENETİM VE YEMİNLİ MALİ MÜŞAVİRLİK A.Ş.
SUWEN,SUWEN TEKSTİL SANAYİ PAZARLAMA A.Ş.,GÜRELİ YEMİNLİ MALİ MÜŞAVİRLİK VE BAĞIMSIZ DENETİM HİZMETLERİ A.Ş.
SZUKI,SUZUKİ MOTORLU ARAÇLAR PAZARLAMA A.Ş.,PwC BAĞIMSIZ DENETİM VE SERBEST MUHASEBECİ MALİ MÜŞAVİRLİK A.Ş
SMRFA,SÜMER FAKTORİNG A.Ş.,ARTI DEĞER ULUSLARARASI BAĞIMSIZ DENETİM VE YMM A.Ş.
SMRVA,SÜMER VARLIK YÖNETİM A.Ş.,HSY DANIŞMANLIK VE BAĞIMSIZ DENETİM A.Ş.
SEKFA,ŞEKER FAKTORİNG A.Ş.,DRT BAĞIMSIZ DENETİM VE SERBEST MUHASEBECİ MALİ MÜŞAVİRLİK A.Ş.
SEKFK,ŞEKER FİNANSAL KİRALAMA A.Ş.,DRT BAĞIMSIZ DENETİM VE SERBEST MUHASEBECİ MALİ MÜŞAVİRLİK A.Ş.
SEGYO,ŞEKER GAYRİMENKUL YATIRIM ORTAKLIĞI A.Ş.,DRT BAĞIMSIZ DENETİM VE SERBEST MUHASEBECİ MALİ MÜŞAVİRLİK A.Ş.
"SKY, SKYMD",ŞEKER YATIRIM MENKUL DEĞERLER A.Ş.,DRT BAĞIMSIZ DENETİM VE SERBEST MUHASEBECİ MALİ MÜŞAVİRLİK A.Ş.
"SEK, SKBNK",ŞEKERBANK T.A.Ş.,DRT BAĞIMSIZ DENETİM VE SERBEST MUHASEBECİ MALİ MÜŞAVİRLİK A.Ş.
SOKM,ŞOK MARKETLER TİCARET A.Ş.,PwC BAĞIMSIZ DENETİM VE SERBEST MUHASEBECİ MALİ MÜŞAVİRLİK A.Ş
DRPHN,T.C. HAZİNE VE MALİYE BAKANLIĞI DARPHANE VE DAMGA MATBAASI GENEL MÜDÜRLÜĞÜ,
TOKI,T.C. TOPLU KONUT İDARESİ BAŞKANLIĞI,
"TAC, TCRYT",TACİRLER YATIRIM MENKUL DEĞERLER  A.Ş.,PwC BAĞIMSIZ DENETİM VE SERBEST MUHASEBECİ MALİ MÜŞAVİRLİK A.Ş
TAMFA,TAM FİNANS FAKTORİNG A.Ş.,PwC BAĞIMSIZ DENETİM VE SERBEST MUHASEBECİ MALİ MÜŞAVİRLİK A.Ş
TNZTP,TAPDİ OKSİJEN ÖZEL SAĞLIK VE EĞİTİM HİZMETLERİ SANAYİ TİCARET A.Ş.,HSY DANIŞMANLIK VE BAĞIMSIZ DENETİM A.Ş.
TATGD,TAT GIDA SANAYİ A.Ş.,PwC BAĞIMSIZ DENETİM VE SERBEST MUHASEBECİ MALİ MÜŞAVİRLİK A.Ş
TATEN,TATLIPINAR ENERJİ ÜRETİM A.Ş.,REFORM BAĞIMSIZ DENETİM A.Ş.
TAVHL,TAV HAVALİMANLARI HOLDİNG A.Ş.,DRT BAĞIMSIZ DENETİM VE SERBEST MUHASEBECİ MALİ MÜŞAVİRLİK A.Ş.
TEBFA,TEB FAKTORİNG A.Ş.,DRT BAĞIMSIZ DENETİM VE SERBEST MUHASEBECİ MALİ MÜŞAVİRLİK A.Ş.
TEBCE,TEB FİNANSMAN A.Ş.,DRT BAĞIMSIZ DENETİM VE SERBEST MUHASEBECİ MALİ MÜŞAVİRLİK A.Ş.
"TBY, TEBYT",TEB YATIRIM MENKUL DEĞERLER A.Ş.,
TEKTU,TEK-ART İNŞAAT TİCARET TURİZM SANAYİ VE YATIRIMLAR A.Ş.,GÜRELİ YEMİNLİ MALİ MÜŞAVİRLİK VE BAĞIMSIZ DENETİM HİZMETLERİ A.Ş.
TKFEN,TEKFEN HOLDİNG A.Ş.,KPMG BAĞIMSIZ DENETİM VE SERBEST MUHASEBECİ MALİ MÜŞAVİRLİK A.Ş.
TKNSA,TEKNOSA İÇ VE DIŞ TİCARET A.Ş.,KPMG BAĞIMSIZ DENETİM VE SERBEST MUHASEBECİ MALİ MÜŞAVİRLİK A.Ş.
TMPOL,TEMAPOL POLİMER PLASTİK VE İNŞAAT SANAYİ TİCARET A.Ş.,GÜNCEL BAĞIMSIZ DENETİM DANIŞMANLIK A.Ş.
"TERA, TRA",TERA YATIRIM MENKUL DEĞERLER A.Ş.,ULUSAL BAĞIMSIZ DENETİM VE YEMİNLİ MALİ MÜŞAVİRLİK A.Ş.
TETMT,TETAMAT GIDA YATIRIMLARI A.Ş.,YEDİTEPE BAĞIMSIZ DENETİM VE YEMİNLİ MALİ MÜŞAVİRLİK A.Ş.
TFNVK,TF VARLIK KİRALAMA A.Ş.,KPMG BAĞIMSIZ DENETİM VE SERBEST MUHASEBECİ MALİ MÜŞAVİRLİK A.Ş.
TGSAS,TGS DIŞ TİCARET A.Ş.,ULUSLARARASI BAĞIMSIZ DENETİM A.Ş.
TOASO,TOFAŞ TÜRK OTOMOBİL FABRİKASI A.Ş.,GÜNEY BAĞIMSIZ DENETİM VE SERBEST MUHASEBECİ MALİ MÜŞAVİRLİK A.Ş.
TRGYO,TORUNLAR GAYRİMENKUL YATIRIM ORTAKLIĞI A.Ş.,PwC BAĞIMSIZ DENETİM VE SERBEST MUHASEBECİ MALİ MÜŞAVİRLİK A.Ş
TLMAN,TRABZON LİMAN İŞLETMECİLİĞİ A.Ş.,AKSİS ULUSLARARASI BAĞIMSIZ DENETİM A.Ş.
TSPOR,TRABZONSPOR SPORTİF YATIRIM VE FUTBOL İŞLETMECİLİĞİ TİCARET A.Ş.,GÜNEY BAĞIMSIZ DENETİM VE SERBEST MUHASEBECİ MALİ MÜŞAVİRLİK A.Ş.
TDGYO,TREND GAYRİMENKUL YATIRIM ORTAKLIĞI A.Ş.,HSY DANIŞMANLIK VE BAĞIMSIZ DENETİM A.Ş.
"ISKMD, TVM",TRIVE YATIRIM MENKUL DEĞERLER A.Ş.,
TSGYO,TSKB GAYRİMENKUL YATIRIM ORTAKLIĞI A.Ş.,GÜNEY BAĞIMSIZ DENETİM VE SERBEST MUHASEBECİ MALİ MÜŞAVİRLİK A.Ş.
TUCLK,TUĞÇELİK ALÜMİNYUM VE METAL MAMÜLLERİ SANAYİ VE TİCARET A.Ş.,GÜNCEL BAĞIMSIZ DENETİM DANIŞMANLIK A.Ş.
TUKAS,TUKAŞ GIDA SANAYİ VE TİCARET A.Ş.,DENEYİM BAĞIMSIZ DENETİM VE DANIŞMANLIK A.Ş.
TRCAS,TURCAS PETROL A.Ş.,BDO DENET BAĞIMSIZ DENETİM VE DANIŞMANLIK A.Ş.
TUREX,TUREKS TURİZM TAŞIMACILIK A.Ş.,EREN BAĞIMSIZ DENETİM A.Ş.
TRILC,TURK İLAÇ VE SERUM SANAYİ A.Ş.,DENEYİM BAĞIMSIZ DENETİM VE DANIŞMANLIK A.Ş.
FNCLL,TURKCELL FİNANSMAN A.Ş.,GÜNEY BAĞIMSIZ DENETİM VE SERBEST MUHASEBECİ MALİ MÜŞAVİRLİK A.Ş.
TCELL,TURKCELL İLETİŞİM HİZMETLERİ A.Ş.,GÜNEY BAĞIMSIZ DENETİM VE SERBEST MUHASEBECİ MALİ MÜŞAVİRLİK A.Ş.
"TBA, TRKSH",TURKISH BANK A.Ş.,GÜNEY BAĞIMSIZ DENETİM VE SERBEST MUHASEBECİ MALİ MÜŞAVİRLİK A.Ş.
"TKY, TKYAT",TURKİSH YATIRIM MENKUL DEĞERLER A.Ş.,
TMSN,TÜMOSAN MOTOR VE TRAKTÖR SANAYİ A.Ş.,VİZYON GRUP BAĞIMSIZ DENETİM.A.Ş.
TUPRS,TÜPRAŞ-TÜRKİYE PETROL RAFİNERİLERİ A.Ş.,PwC BAĞIMSIZ DENETİM VE SERBEST MUHASEBECİ MALİ MÜŞAVİRLİK A.Ş
THYAO,TÜRK HAVA YOLLARI A.O.,PwC BAĞIMSIZ DENETİM VE SERBEST MUHASEBECİ MALİ MÜŞAVİRLİK A.Ş
PRKAB,TÜRK PRYSMİAN KABLO VE SİSTEMLERİ A.Ş.,PwC BAĞIMSIZ DENETİM VE SERBEST MUHASEBECİ MALİ MÜŞAVİRLİK A.Ş
TTKOM,TÜRK TELEKOMÜNİKASYON A.Ş.,GÜNEY BAĞIMSIZ DENETİM VE SERBEST MUHASEBECİ MALİ MÜŞAVİRLİK A.Ş.
TTRAK,TÜRK TRAKTÖR VE ZİRAAT MAKİNELERİ A.Ş.,PwC BAĞIMSIZ DENETİM VE SERBEST MUHASEBECİ MALİ MÜŞAVİRLİK A.Ş
TBORG,TÜRK TUBORG BİRA VE MALT SANAYİİ A.Ş.,DRT BAĞIMSIZ DENETİM VE SERBEST MUHASEBECİ MALİ MÜŞAVİRLİK A.Ş.
TURGG,TÜRKER PROJE GAYRİMENKUL VE YATIRIM GELİŞTİRME A.Ş.,GÜRELİ YEMİNLİ MALİ MÜŞAVİRLİK VE BAĞIMSIZ DENETİM HİZMETLERİ A.Ş.
"GARAN, TGB",TÜRKİYE GARANTİ BANKASI A.Ş.,GÜNEY BAĞIMSIZ DENETİM VE SERBEST MUHASEBECİ MALİ MÜŞAVİRLİK A.Ş.
"HALKB, THL",TÜRKİYE HALK BANKASI A.Ş.,DRT BAĞIMSIZ DENETİM VE SERBEST MUHASEBECİ MALİ MÜŞAVİRLİK A.Ş.
"EXIMB, THR",TÜRKİYE İHRACAT KREDİ BANKASI A.Ş.,GÜNEY BAĞIMSIZ DENETİM VE SERBEST MUHASEBECİ MALİ MÜŞAVİRLİK A.Ş.
"ISATR, ISBTR, ISCTR, ISKUR, TIB",TÜRKİYE İŞ BANKASI A.Ş.,GÜNEY BAĞIMSIZ DENETİM VE SERBEST MUHASEBECİ MALİ MÜŞAVİRLİK A.Ş.
"KLN, KLNMA",TÜRKİYE KALKINMA VE YATIRIM BANKASI A.Ş.,KPMG BAĞIMSIZ DENETİM VE SERBEST MUHASEBECİ MALİ MÜŞAVİRLİK A.Ş.
"TSK, TSKB",TÜRKİYE SINAİ KALKINMA BANKASI A.Ş.,GÜNEY BAĞIMSIZ DENETİM VE SERBEST MUHASEBECİ MALİ MÜŞAVİRLİK A.Ş.
TURSG,TÜRKİYE SİGORTA A.Ş.,PwC BAĞIMSIZ DENETİM VE SERBEST MUHASEBECİ MALİ MÜŞAVİRLİK A.Ş
SISE,TÜRKİYE ŞİŞE VE CAM FABRİKALARI A.Ş.,GÜNEY BAĞIMSIZ DENETİM VE SERBEST MUHASEBECİ MALİ MÜŞAVİRLİK A.Ş.
"TVB, VAKBN",TÜRKİYE VAKIFLAR BANKASI T.A.O.,GÜNEY BAĞIMSIZ DENETİM VE SERBEST MUHASEBECİ MALİ MÜŞAVİRLİK A.Ş.
UFUK,UFUK YATIRIM YÖNETİM VE GAYRİMENKUL A.Ş.,DRT BAĞIMSIZ DENETİM VE SERBEST MUHASEBECİ MALİ MÜŞAVİRLİK A.Ş.
ULAS,ULAŞLAR TURİZM ENERJİ TARIM GIDA VE İNŞAAT YATIRIMLARI A.Ş.,DENEYİM BAĞIMSIZ DENETİM VE DANIŞMANLIK A.Ş.
ULUFA,ULUSAL FAKTORİNG A.Ş.,DRT BAĞIMSIZ DENETİM VE SERBEST MUHASEBECİ MALİ MÜŞAVİRLİK A.Ş.
ULUSE,ULUSOY ELEKTRİK İMALAT TAAHHÜT VE TİCARET A.Ş.,GÜNEY BAĞIMSIZ DENETİM VE SERBEST MUHASEBECİ MALİ MÜŞAVİRLİK A.Ş.
ULUUN,ULUSOY UN SANAYİ VE TİCARET A.Ş.,FİNANSAL EKSEN BAĞIMSIZ DENETİM VE DANIŞMANLIK A.Ş.
UMPAS,UMPAŞ HOLDİNG A.Ş.,GÜNCEL BAĞIMSIZ DENETİM DANIŞMANLIK A.Ş.
USAK,UŞAK SERAMİK SANAYİ A.Ş.,DENEYİM BAĞIMSIZ DENETİM VE DANIŞMANLIK A.Ş.
UZERB,UZERTAŞ BOYA SANAYİ TİCARET VE YATIRIM A.Ş.,PwC BAĞIMSIZ DENETİM VE SERBEST MUHASEBECİ MALİ MÜŞAVİRLİK A.Ş
ULKER,ÜLKER BİSKÜVİ SANAYİ A.Ş.,DRT BAĞIMSIZ DENETİM VE SERBEST MUHASEBECİ MALİ MÜŞAVİRLİK A.Ş.
"UNLUS, UNS",ÜNLÜ MENKUL DEĞERLER A.Ş.,GÜNEY BAĞIMSIZ DENETİM VE SERBEST MUHASEBECİ MALİ MÜŞAVİRLİK A.Ş.
UNLU,ÜNLÜ YATIRIM HOLDİNG A.Ş.,GÜNEY BAĞIMSIZ DENETİM VE SERBEST MUHASEBECİ MALİ MÜŞAVİRLİK A.Ş.
VAKFA,VAKIF FAKTORİNG A.Ş.,GÜNEY BAĞIMSIZ DENETİM VE SERBEST MUHASEBECİ MALİ MÜŞAVİRLİK A.Ş.
VAKFN,VAKIF FİNANSAL KİRALAMA A.Ş.,GÜNEY BAĞIMSIZ DENETİM VE SERBEST MUHASEBECİ MALİ MÜŞAVİRLİK A.Ş.
VKGYO,VAKIF GAYRİMENKUL YATIRIM ORTAKLIĞI A.Ş.,GÜNEY BAĞIMSIZ DENETİM VE SERBEST MUHASEBECİ MALİ MÜŞAVİRLİK A.Ş.
VKFYO,VAKIF MENKUL KIYMET YATIRIM ORTAKLIĞI A.Ş.,GÜNEY BAĞIMSIZ DENETİM VE SERBEST MUHASEBECİ MALİ MÜŞAVİRLİK A.Ş.
VAKVK,VAKIF VARLIK KİRALAMA A.Ş.,DRT BAĞIMSIZ DENETİM VE SERBEST MUHASEBECİ MALİ MÜŞAVİRLİK A.Ş.
VAKKO,VAKKO TEKSTİL VE HAZIR GİYİM SANAYİ İŞLETMELERİ A.Ş.,DRT BAĞIMSIZ DENETİM VE SERBEST MUHASEBECİ MALİ MÜŞAVİRLİK A.Ş.
VANGD,VANET GIDA SANAYİ İÇ VE DIŞ TİCARET A.Ş.,YEDİTEPE BAĞIMSIZ DENETİM VE YEMİNLİ MALİ MÜŞAVİRLİK A.Ş.
VBTYZ,VBT YAZILIM A.Ş.,KAVRAM BAĞIMSIZ DENETİM VE DANIŞMANLIK A.Ş.
VDFLO,VDF FİLO KİRALAMA A.Ş.,GÜNEY BAĞIMSIZ DENETİM VE SERBEST MUHASEBECİ MALİ MÜŞAVİRLİK A.Ş.
VERUS,VERUSA HOLDİNG A.Ş.,PwC BAĞIMSIZ DENETİM VE SERBEST MUHASEBECİ MALİ MÜŞAVİRLİK A.Ş
VERTU,VERUSATURK GİRİŞİM SERMAYESİ YATIRIM ORTAKLIĞI A.Ş.,PwC BAĞIMSIZ DENETİM VE SERBEST MUHASEBECİ MALİ MÜŞAVİRLİK A.Ş
VESBE,VESTEL BEYAZ EŞYA SANAYİ VE TİCARET A.Ş.,PwC BAĞIMSIZ DENETİM VE SERBEST MUHASEBECİ MALİ MÜŞAVİRLİK A.Ş
VESTL,VESTEL ELEKTRONİK SANAYİ VE TİCARET A.Ş.,PwC BAĞIMSIZ DENETİM VE SERBEST MUHASEBECİ MALİ MÜŞAVİRLİK A.Ş
VKING,VİKİNG KAĞIT VE SELÜLOZ A.Ş.,KPMG BAĞIMSIZ DENETİM VE SERBEST MUHASEBECİ MALİ MÜŞAVİRLİK A.Ş.
VDFAS,VOLKSWAGEN DOĞUŞ FİNANSMAN A.Ş.,GÜNEY BAĞIMSIZ DENETİM VE SERBEST MUHASEBECİ MALİ MÜŞAVİRLİK A.Ş.
YKFKT,YAPI KREDİ FAKTORİNG A.Ş.,PwC BAĞIMSIZ DENETİM VE SERBEST MUHASEBECİ MALİ MÜŞAVİRLİK A.Ş
YKFIN,YAPI KREDİ FİNANSAL KİRALAMA A.O.,PwC BAĞIMSIZ DENETİM VE SERBEST MUHASEBECİ MALİ MÜŞAVİRLİK A.Ş
"YKR, YKYAT",YAPI KREDİ YATIRIM MENKUL DEĞERLER  A.Ş.,PwC BAĞIMSIZ DENETİM VE SERBEST MUHASEBECİ MALİ MÜŞAVİRLİK A.Ş
"YKB, YKBNK",YAPI VE KREDİ BANKASI A.Ş.,PwC BAĞIMSIZ DENETİM VE SERBEST MUHASEBECİ MALİ MÜŞAVİRLİK A.Ş
YAPRK,YAPRAK SÜT VE BESİ ÇİFTLİKLERİ SANAYİ VE TİCARET A.Ş.,ECOVIS DEĞER BAĞIMSIZ DENETİM VE YEMİNLİ MALİ MÜŞAVİRLİK A.Ş. 
YATAS,YATAŞ YATAK VE YORGAN SANAYİ TİCARET A.Ş.,PKF ADAY BAĞIMSIZ DENETİM A.Ş.
"YAT, YFMEN",YATIRIM FİNANSMAN MENKUL DEĞERLER A.Ş.,GÜNEY BAĞIMSIZ DENETİM VE SERBEST MUHASEBECİ MALİ MÜŞAVİRLİK A.Ş.
YATVK,YATIRIM VARLIK KİRALAMA A.Ş.,GÜNEY BAĞIMSIZ DENETİM VE SERBEST MUHASEBECİ MALİ MÜŞAVİRLİK A.Ş.
YYLGD,YAYLA AGRO GIDA SANAYİ VE TİCARET A.Ş.,DRT BAĞIMSIZ DENETİM VE SERBEST MUHASEBECİ MALİ MÜŞAVİRLİK A.Ş.
YAYLA,YAYLA ENERJİ ÜRETİM TURİZM VE İNŞAAT TİCARET A.Ş.,DENEYİM BAĞIMSIZ DENETİM VE DANIŞMANLIK A.Ş.
YGGYO,YENİ GİMAT GAYRİMENKUL YATIRIM ORTAKLIĞI A.Ş.,SER-BERKER BAĞIMSIZ DENETİM A.Ş.
YEOTK,YEO TEKNOLOJİ ENERJİ VE ENDÜSTRİ A.Ş.,GÜRELİ YEMİNLİ MALİ MÜŞAVİRLİK VE BAĞIMSIZ DENETİM HİZMETLERİ A.Ş.
YGYO,YEŞİL GAYRİMENKUL YATIRIM ORTAKLIĞI A.Ş.,PKF ADAY BAĞIMSIZ DENETİM A.Ş.
YYAPI,YEŞİL YAPI ENDÜSTRİSİ A.Ş.,PKF ADAY BAĞIMSIZ DENETİM A.Ş.
YESIL,YEŞİL YATIRIM HOLDİNG A.Ş.,PKF ADAY BAĞIMSIZ DENETİM A.Ş.
YBTAS,YİBİTAŞ YOZGAT İŞÇİ BİRLİĞİ İNŞAAT MALZEMELERİ TİCARET VE SANAYİ A.Ş.,DENGE ANKARA BAĞIMSIZ DENETİM VE YEMİNLİ MALİ MÜŞAVİRLİK A.Ş.
YONGA,YONGA MOBİLYA SANAYİ VE TİCARET A.Ş.,ULUSAL BAĞIMSIZ DENETİM VE YEMİNLİ MALİ MÜŞAVİRLİK A.Ş.
YKSLN,YÜKSELEN ÇELİK A.Ş.,HSY DANIŞMANLIK VE BAĞIMSIZ DENETİM A.Ş.
YUNSA,YÜNSA YÜNLÜ SANAYİ VE TİCARET A.Ş.,PwC BAĞIMSIZ DENETİM VE SERBEST MUHASEBECİ MALİ MÜŞAVİRLİK A.Ş
ZEDUR,ZEDUR ENERJİ ELEKTRİK ÜRETİM A.Ş.,GÜNCEL BAĞIMSIZ DENETİM DANIŞMANLIK A.Ş.
ZRGYO,ZİRAAT GAYRİMENKUL YATIRIM ORTAKLIĞI A.Ş.,PwC BAĞIMSIZ DENETİM VE SERBEST MUHASEBECİ MALİ MÜŞAVİRLİK A.Ş
ZKBVK,ZİRAAT KATILIM VARLIK KİRALAMA A.Ş.,PwC BAĞIMSIZ DENETİM VE SERBEST MUHASEBECİ MALİ MÜŞAVİRLİK A.Ş
ZKBVR,ZKB VARLIK KİRALAMA A.Ş.,PwC BAĞIMSIZ DENETİM VE SERBEST MUHASEBECİ MALİ MÜŞAVİRLİK A.Ş
ZOREN,ZORLU ENERJİ ELEKTRİK ÜRETİM A.Ş.,KPMG BAĞIMSIZ DENETİM VE SERBEST MUHASEBECİ MALİ MÜŞAVİRLİK A.Ş.
ZORLF,ZORLU FAKTORİNG A.Ş.,CONSULTA BAĞIMSIZ DENETİM VE Y.M.M. A.Ş.
